Created as New Dataset,Sample 001 By Administrator Date Thursday, December 10 2020
cm-1,%T
4000.00,98.90
3999.00,98.93
3998.00,98.96
3997.00,98.96
3996.00,98.92
3995.00,98.86
3994.00,98.80
3993.00,98.78
3992.00,98.78
3991.00,98.80
3990.00,98.80
3989.00,98.78
3988.00,98.75
3987.00,98.74
3986.00,98.75
3985.00,98.77
3984.00,98.79
3983.00,98.81
3982.00,98.81
3981.00,98.79
3980.00,98.77
3979.00,98.76
3978.00,98.79
3977.00,98.84
3976.00,98.89
3975.00,98.91
3974.00,98.91
3973.00,98.88
3972.00,98.86
3971.00,98.85
3970.00,98.84
3969.00,98.82
3968.00,98.79
3967.00,98.76
3966.00,98.73
3965.00,98.72
3964.00,98.72
3963.00,98.72
3962.00,98.72
3961.00,98.74
3960.00,98.77
3959.00,98.83
3958.00,98.89
3957.00,98.94
3956.00,98.97
3955.00,98.96
3954.00,98.92
3953.00,98.86
3952.00,98.81
3951.00,98.78
3950.00,98.78
3949.00,98.80
3948.00,98.81
3947.00,98.79
3946.00,98.77
3945.00,98.77
3944.00,98.79
3943.00,98.80
3942.00,98.80
3941.00,98.77
3940.00,98.75
3939.00,98.75
3938.00,98.78
3937.00,98.85
3936.00,98.91
3935.00,98.96
3934.00,98.96
3933.00,98.92
3932.00,98.86
3931.00,98.79
3930.00,98.74
3929.00,98.70
3928.00,98.68
3927.00,98.70
3926.00,98.75
3925.00,98.82
3924.00,98.87
3923.00,98.88
3922.00,98.88
3921.00,98.87
3920.00,98.87
3919.00,98.86
3918.00,98.84
3917.00,98.83
3916.00,98.84
3915.00,98.85
3914.00,98.86
3913.00,98.85
3912.00,98.83
3911.00,98.81
3910.00,98.79
3909.00,98.79
3908.00,98.79
3907.00,98.80
3906.00,98.82
3905.00,98.83
3904.00,98.82
3903.00,98.80
3902.00,98.79
3901.00,98.79
3900.00,98.82
3899.00,98.85
3898.00,98.86
3897.00,98.85
3896.00,98.83
3895.00,98.83
3894.00,98.85
3893.00,98.88
3892.00,98.89
3891.00,98.87
3890.00,98.83
3889.00,98.81
3888.00,98.81
3887.00,98.83
3886.00,98.87
3885.00,98.86
3884.00,98.81
3883.00,98.73
3882.00,98.67
3881.00,98.67
3880.00,98.70
3879.00,98.72
3878.00,98.69
3877.00,98.63
3876.00,98.57
3875.00,98.56
3874.00,98.62
3873.00,98.72
3872.00,98.80
3871.00,98.84
3870.00,98.86
3869.00,98.86
3868.00,98.87
3867.00,98.87
3866.00,98.85
3865.00,98.82
3864.00,98.79
3863.00,98.77
3862.00,98.75
3861.00,98.75
3860.00,98.75
3859.00,98.75
3858.00,98.76
3857.00,98.77
3856.00,98.79
3855.00,98.80
3854.00,98.78
3853.00,98.76
3852.00,98.75
3851.00,98.76
3850.00,98.79
3849.00,98.82
3848.00,98.85
3847.00,98.86
3846.00,98.86
3845.00,98.85
3844.00,98.83
3843.00,98.81
3842.00,98.79
3841.00,98.76
3840.00,98.72
3839.00,98.70
3838.00,98.70
3837.00,98.69
3836.00,98.64
3835.00,98.58
3834.00,98.56
3833.00,98.61
3832.00,98.71
3831.00,98.81
3830.00,98.85
3829.00,98.85
3828.00,98.81
3827.00,98.74
3826.00,98.66
3825.00,98.60
3824.00,98.55
3823.00,98.55
3822.00,98.57
3821.00,98.61
3820.00,98.64
3819.00,98.68
3818.00,98.73
3817.00,98.79
3816.00,98.82
3815.00,98.83
3814.00,98.82
3813.00,98.82
3812.00,98.83
3811.00,98.83
3810.00,98.81
3809.00,98.77
3808.00,98.70
3807.00,98.62
3806.00,98.56
3805.00,98.53
3804.00,98.53
3803.00,98.57
3802.00,98.64
3801.00,98.71
3800.00,98.73
3799.00,98.73
3798.00,98.71
3797.00,98.69
3796.00,98.68
3795.00,98.68
3794.00,98.67
3793.00,98.66
3792.00,98.62
3791.00,98.58
3790.00,98.54
3789.00,98.54
3788.00,98.55
3787.00,98.56
3786.00,98.57
3785.00,98.55
3784.00,98.52
3783.00,98.49
3782.00,98.47
3781.00,98.48
3780.00,98.51
3779.00,98.54
3778.00,98.55
3777.00,98.53
3776.00,98.51
3775.00,98.50
3774.00,98.49
3773.00,98.50
3772.00,98.51
3771.00,98.54
3770.00,98.56
3769.00,98.54
3768.00,98.48
3767.00,98.44
3766.00,98.45
3765.00,98.52
3764.00,98.60
3763.00,98.64
3762.00,98.59
3761.00,98.48
3760.00,98.36
3759.00,98.30
3758.00,98.32
3757.00,98.37
3756.00,98.40
3755.00,98.40
3754.00,98.37
3753.00,98.34
3752.00,98.32
3751.00,98.29
3750.00,98.25
3749.00,98.20
3748.00,98.16
3747.00,98.12
3746.00,98.09
3745.00,98.06
3744.00,98.05
3743.00,98.05
3742.00,98.04
3741.00,98.03
3740.00,98.01
3739.00,98.00
3738.00,97.99
3737.00,97.96
3736.00,97.91
3735.00,97.86
3734.00,97.86
3733.00,97.92
3732.00,98.01
3731.00,98.08
3730.00,98.10
3729.00,98.08
3728.00,98.03
3727.00,97.97
3726.00,97.92
3725.00,97.85
3724.00,97.78
3723.00,97.74
3722.00,97.75
3721.00,97.79
3720.00,97.83
3719.00,97.87
3718.00,97.89
3717.00,97.90
3716.00,97.88
3715.00,97.83
3714.00,97.77
3713.00,97.74
3712.00,97.76
3711.00,97.76
3710.00,97.68
3709.00,97.55
3708.00,97.42
3707.00,97.33
3706.00,97.26
3705.00,97.21
3704.00,97.17
3703.00,97.13
3702.00,97.08
3701.00,97.02
3700.00,96.97
3699.00,96.92
3698.00,96.87
3697.00,96.83
3696.00,96.79
3695.00,96.74
3694.00,96.64
3693.00,96.50
3692.00,96.34
3691.00,96.21
3690.00,96.14
3689.00,96.08
3688.00,95.99
3687.00,95.88
3686.00,95.77
3685.00,95.67
3684.00,95.58
3683.00,95.46
3682.00,95.34
3681.00,95.22
3680.00,95.12
3679.00,95.03
3678.00,94.93
3677.00,94.76
3676.00,94.53
3675.00,94.36
3674.00,94.28
3673.00,94.25
3672.00,94.21
3671.00,94.08
3670.00,93.85
3669.00,93.59
3668.00,93.35
3667.00,93.15
3666.00,92.97
3665.00,92.81
3664.00,92.67
3663.00,92.55
3662.00,92.43
3661.00,92.30
3660.00,92.16
3659.00,92.00
3658.00,91.83
3657.00,91.62
3656.00,91.40
3655.00,91.19
3654.00,91.01
3653.00,90.84
3652.00,90.68
3651.00,90.50
3650.00,90.31
3649.00,90.07
3648.00,89.80
3647.00,89.56
3646.00,89.38
3645.00,89.26
3644.00,89.14
3643.00,89.02
3642.00,88.88
3641.00,88.73
3640.00,88.58
3639.00,88.42
3638.00,88.27
3637.00,88.13
3636.00,88.00
3635.00,87.89
3634.00,87.80
3633.00,87.74
3632.00,87.69
3631.00,87.58
3630.00,87.34
3629.00,86.96
3628.00,86.60
3627.00,86.40
3626.00,86.29
3625.00,86.22
3624.00,86.17
3623.00,86.14
3622.00,86.12
3621.00,86.07
3620.00,85.94
3619.00,85.70
3618.00,85.41
3617.00,85.14
3616.00,84.92
3615.00,84.75
3614.00,84.61
3613.00,84.52
3612.00,84.44
3611.00,84.33
3610.00,84.16
3609.00,83.93
3608.00,83.71
3607.00,83.56
3606.00,83.50
3605.00,83.46
3604.00,83.39
3603.00,83.25
3602.00,83.06
3601.00,82.85
3600.00,82.67
3599.00,82.54
3598.00,82.44
3597.00,82.36
3596.00,82.25
3595.00,82.12
3594.00,81.97
3593.00,81.83
3592.00,81.71
3591.00,81.61
3590.00,81.51
3589.00,81.38
3588.00,81.21
3587.00,81.02
3586.00,80.83
3585.00,80.64
3584.00,80.45
3583.00,80.28
3582.00,80.13
3581.00,80.01
3580.00,79.90
3579.00,79.79
3578.00,79.66
3577.00,79.51
3576.00,79.34
3575.00,79.14
3574.00,78.92
3573.00,78.71
3572.00,78.54
3571.00,78.40
3570.00,78.28
3569.00,78.13
3568.00,77.96
3567.00,77.78
3566.00,77.65
3565.00,77.56
3564.00,77.45
3563.00,77.31
3562.00,77.15
3561.00,76.98
3560.00,76.81
3559.00,76.65
3558.00,76.51
3557.00,76.37
3556.00,76.24
3555.00,76.10
3554.00,75.93
3553.00,75.74
3552.00,75.55
3551.00,75.40
3550.00,75.28
3549.00,75.15
3548.00,74.97
3547.00,74.76
3546.00,74.55
3545.00,74.38
3544.00,74.26
3543.00,74.14
3542.00,74.01
3541.00,73.87
3540.00,73.72
3539.00,73.55
3538.00,73.37
3537.00,73.16
3536.00,72.96
3535.00,72.78
3534.00,72.65
3533.00,72.55
3532.00,72.46
3531.00,72.35
3530.00,72.20
3529.00,72.01
3528.00,71.81
3527.00,71.61
3526.00,71.41
3525.00,71.18
3524.00,70.91
3523.00,70.64
3522.00,70.43
3521.00,70.30
3520.00,70.24
3519.00,70.19
3518.00,70.10
3517.00,69.94
3516.00,69.74
3515.00,69.53
3514.00,69.34
3513.00,69.19
3512.00,69.07
3511.00,68.97
3510.00,68.85
3509.00,68.72
3508.00,68.58
3507.00,68.45
3506.00,68.31
3505.00,68.16
3504.00,67.96
3503.00,67.75
3502.00,67.55
3501.00,67.38
3500.00,67.24
3499.00,67.12
3498.00,66.98
3497.00,66.83
3496.00,66.68
3495.00,66.51
3494.00,66.34
3493.00,66.17
3492.00,66.00
3491.00,65.82
3490.00,65.64
3489.00,65.46
3488.00,65.30
3487.00,65.15
3486.00,65.02
3485.00,64.88
3484.00,64.73
3483.00,64.55
3482.00,64.36
3481.00,64.19
3480.00,64.04
3479.00,63.91
3478.00,63.76
3477.00,63.60
3476.00,63.43
3475.00,63.27
3474.00,63.11
3473.00,62.96
3472.00,62.81
3471.00,62.66
3470.00,62.50
3469.00,62.35
3468.00,62.20
3467.00,62.06
3466.00,61.93
3465.00,61.80
3464.00,61.67
3463.00,61.53
3462.00,61.38
3461.00,61.24
3460.00,61.10
3459.00,60.96
3458.00,60.83
3457.00,60.69
3456.00,60.55
3455.00,60.40
3454.00,60.23
3453.00,60.05
3452.00,59.87
3451.00,59.69
3450.00,59.53
3449.00,59.37
3448.00,59.19
3447.00,58.99
3446.00,58.80
3445.00,58.65
3444.00,58.51
3443.00,58.38
3442.00,58.25
3441.00,58.12
3440.00,57.98
3439.00,57.82
3438.00,57.63
3437.00,57.45
3436.00,57.28
3435.00,57.14
3434.00,57.03
3433.00,56.93
3432.00,56.84
3431.00,56.73
3430.00,56.60
3429.00,56.45
3428.00,56.29
3427.00,56.12
3426.00,55.97
3425.00,55.83
3424.00,55.73
3423.00,55.63
3422.00,55.52
3421.00,55.41
3420.00,55.28
3419.00,55.15
3418.00,55.01
3417.00,54.85
3416.00,54.68
3415.00,54.49
3414.00,54.31
3413.00,54.14
3412.00,54.02
3411.00,53.93
3410.00,53.85
3409.00,53.76
3408.00,53.66
3407.00,53.55
3406.00,53.46
3405.00,53.38
3404.00,53.30
3403.00,53.19
3402.00,53.06
3401.00,52.93
3400.00,52.80
3399.00,52.69
3398.00,52.59
3397.00,52.49
3396.00,52.38
3395.00,52.27
3394.00,52.15
3393.00,52.04
3392.00,51.96
3391.00,51.89
3390.00,51.84
3389.00,51.81
3388.00,51.77
3387.00,51.72
3386.00,51.65
3385.00,51.57
3384.00,51.48
3383.00,51.38
3382.00,51.26
3381.00,51.15
3380.00,51.07
3379.00,51.01
3378.00,50.95
3377.00,50.88
3376.00,50.83
3375.00,50.80
3374.00,50.76
3373.00,50.70
3372.00,50.61
3371.00,50.51
3370.00,50.43
3369.00,50.37
3368.00,50.34
3367.00,50.32
3366.00,50.32
3365.00,50.31
3364.00,50.28
3363.00,50.24
3362.00,50.18
3361.00,50.12
3360.00,50.08
3359.00,50.07
3358.00,50.06
3357.00,50.06
3356.00,50.05
3355.00,50.03
3354.00,49.99
3353.00,49.95
3352.00,49.90
3351.00,49.85
3350.00,49.82
3349.00,49.81
3348.00,49.81
3347.00,49.80
3346.00,49.79
3345.00,49.76
3344.00,49.73
3343.00,49.70
3342.00,49.68
3341.00,49.65
3340.00,49.61
3339.00,49.58
3338.00,49.55
3337.00,49.55
3336.00,49.58
3335.00,49.62
3334.00,49.65
3333.00,49.65
3332.00,49.62
3331.00,49.58
3330.00,49.54
3329.00,49.52
3328.00,49.50
3327.00,49.48
3326.00,49.48
3325.00,49.51
3324.00,49.56
3323.00,49.60
3322.00,49.62
3321.00,49.64
3320.00,49.64
3319.00,49.65
3318.00,49.64
3317.00,49.63
3316.00,49.62
3315.00,49.59
3314.00,49.55
3313.00,49.53
3312.00,49.54
3311.00,49.58
3310.00,49.62
3309.00,49.64
3308.00,49.62
3307.00,49.60
3306.00,49.60
3305.00,49.61
3304.00,49.61
3303.00,49.61
3302.00,49.60
3301.00,49.59
3300.00,49.59
3299.00,49.58
3298.00,49.58
3297.00,49.60
3296.00,49.65
3295.00,49.69
3294.00,49.72
3293.00,49.71
3292.00,49.68
3291.00,49.66
3290.00,49.65
3289.00,49.65
3288.00,49.65
3287.00,49.64
3286.00,49.63
3285.00,49.63
3284.00,49.66
3283.00,49.68
3282.00,49.70
3281.00,49.69
3280.00,49.66
3279.00,49.63
3278.00,49.64
3277.00,49.69
3276.00,49.77
3275.00,49.82
3274.00,49.81
3273.00,49.77
3272.00,49.72
3271.00,49.70
3270.00,49.71
3269.00,49.72
3268.00,49.72
3267.00,49.71
3266.00,49.71
3265.00,49.72
3264.00,49.73
3263.00,49.73
3262.00,49.74
3261.00,49.76
3260.00,49.79
3259.00,49.82
3258.00,49.82
3257.00,49.81
3256.00,49.80
3255.00,49.79
3254.00,49.80
3253.00,49.84
3252.00,49.90
3251.00,49.97
3250.00,50.02
3249.00,50.05
3248.00,50.07
3247.00,50.08
3246.00,50.10
3245.00,50.14
3244.00,50.19
3243.00,50.23
3242.00,50.29
3241.00,50.36
3240.00,50.43
3239.00,50.47
3238.00,50.46
3237.00,50.43
3236.00,50.41
3235.00,50.43
3234.00,50.46
3233.00,50.52
3232.00,50.59
3231.00,50.69
3230.00,50.80
3229.00,50.90
3228.00,50.95
3227.00,50.98
3226.00,51.03
3225.00,51.10
3224.00,51.19
3223.00,51.25
3222.00,51.29
3221.00,51.33
3220.00,51.39
3219.00,51.48
3218.00,51.59
3217.00,51.71
3216.00,51.83
3215.00,51.93
3214.00,52.01
3213.00,52.10
3212.00,52.19
3211.00,52.30
3210.00,52.41
3209.00,52.50
3208.00,52.60
3207.00,52.69
3206.00,52.79
3205.00,52.88
3204.00,52.97
3203.00,53.04
3202.00,53.13
3201.00,53.24
3200.00,53.39
3199.00,53.54
3198.00,53.68
3197.00,53.79
3196.00,53.90
3195.00,54.01
3194.00,54.12
3193.00,54.23
3192.00,54.36
3191.00,54.51
3190.00,54.68
3189.00,54.87
3188.00,55.06
3187.00,55.24
3186.00,55.40
3185.00,55.53
3184.00,55.65
3183.00,55.78
3182.00,55.91
3181.00,56.06
3180.00,56.23
3179.00,56.41
3178.00,56.59
3177.00,56.76
3176.00,56.91
3175.00,57.04
3174.00,57.16
3173.00,57.29
3172.00,57.46
3171.00,57.65
3170.00,57.83
3169.00,58.01
3168.00,58.16
3167.00,58.31
3166.00,58.47
3165.00,58.64
3164.00,58.84
3163.00,59.06
3162.00,59.26
3161.00,59.44
3160.00,59.60
3159.00,59.78
3158.00,60.00
3157.00,60.24
3156.00,60.47
3155.00,60.65
3154.00,60.81
3153.00,60.98
3152.00,61.16
3151.00,61.34
3150.00,61.51
3149.00,61.67
3148.00,61.83
3147.00,62.01
3146.00,62.21
3145.00,62.42
3144.00,62.64
3143.00,62.84
3142.00,63.03
3141.00,63.21
3140.00,63.40
3139.00,63.60
3138.00,63.79
3137.00,63.98
3136.00,64.17
3135.00,64.37
3134.00,64.57
3133.00,64.76
3132.00,64.95
3131.00,65.14
3130.00,65.36
3129.00,65.59
3128.00,65.81
3127.00,66.02
3126.00,66.22
3125.00,66.42
3124.00,66.62
3123.00,66.81
3122.00,66.99
3121.00,67.19
3120.00,67.40
3119.00,67.61
3118.00,67.82
3117.00,68.00
3116.00,68.13
3115.00,68.25
3114.00,68.38
3113.00,68.56
3112.00,68.77
3111.00,68.99
3110.00,69.21
3109.00,69.44
3108.00,69.66
3107.00,69.87
3106.00,70.06
3105.00,70.24
3104.00,70.41
3103.00,70.60
3102.00,70.80
3101.00,71.01
3100.00,71.20
3099.00,71.39
3098.00,71.59
3097.00,71.81
3096.00,72.02
3095.00,72.18
3094.00,72.32
3093.00,72.47
3092.00,72.65
3091.00,72.86
3090.00,73.08
3089.00,73.27
3088.00,73.45
3087.00,73.62
3086.00,73.78
3085.00,73.94
3084.00,74.10
3083.00,74.25
3082.00,74.36
3081.00,74.47
3080.00,74.60
3079.00,74.80
3078.00,75.04
3077.00,75.28
3076.00,75.48
3075.00,75.63
3074.00,75.77
3073.00,75.94
3072.00,76.13
3071.00,76.33
3070.00,76.51
3069.00,76.67
3068.00,76.84
3067.00,77.01
3066.00,77.19
3065.00,77.37
3064.00,77.55
3063.00,77.72
3062.00,77.88
3061.00,78.04
3060.00,78.19
3059.00,78.34
3058.00,78.49
3057.00,78.65
3056.00,78.80
3055.00,78.94
3054.00,79.08
3053.00,79.22
3052.00,79.38
3051.00,79.54
3050.00,79.68
3049.00,79.81
3048.00,79.93
3047.00,80.06
3046.00,80.21
3045.00,80.38
3044.00,80.53
3043.00,80.68
3042.00,80.80
3041.00,80.93
3040.00,81.05
3039.00,81.16
3038.00,81.29
3037.00,81.42
3036.00,81.57
3035.00,81.74
3034.00,81.90
3033.00,82.05
3032.00,82.19
3031.00,82.32
3030.00,82.45
3029.00,82.59
3028.00,82.73
3027.00,82.89
3026.00,83.05
3025.00,83.21
3024.00,83.36
3023.00,83.50
3022.00,83.61
3021.00,83.71
3020.00,83.80
3019.00,83.90
3018.00,84.01
3017.00,84.15
3016.00,84.29
3015.00,84.42
3014.00,84.53
3013.00,84.64
3012.00,84.77
3011.00,84.89
3010.00,84.99
3009.00,85.06
3008.00,85.12
3007.00,85.18
3006.00,85.28
3005.00,85.41
3004.00,85.59
3003.00,85.77
3002.00,85.94
3001.00,86.08
3000.00,86.18
2999.00,86.26
2998.00,86.32
2997.00,86.39
2996.00,86.48
2995.00,86.59
2994.00,86.72
2993.00,86.82
2992.00,86.90
2991.00,86.97
2990.00,87.05
2989.00,87.14
2988.00,87.24
2987.00,87.35
2986.00,87.46
2985.00,87.57
2984.00,87.68
2983.00,87.78
2982.00,87.87
2981.00,87.95
2980.00,88.03
2979.00,88.09
2978.00,88.15
2977.00,88.19
2976.00,88.26
2975.00,88.35
2974.00,88.47
2973.00,88.57
2972.00,88.64
2971.00,88.69
2970.00,88.74
2969.00,88.79
2968.00,88.87
2967.00,88.96
2966.00,89.07
2965.00,89.18
2964.00,89.30
2963.00,89.41
2962.00,89.51
2961.00,89.60
2960.00,89.67
2959.00,89.72
2958.00,89.76
2957.00,89.78
2956.00,89.81
2955.00,89.85
2954.00,89.91
2953.00,89.98
2952.00,90.07
2951.00,90.17
2950.00,90.27
2949.00,90.37
2948.00,90.45
2947.00,90.51
2946.00,90.55
2945.00,90.60
2944.00,90.67
2943.00,90.75
2942.00,90.83
2941.00,90.93
2940.00,91.03
2939.00,91.14
2938.00,91.22
2937.00,91.28
2936.00,91.32
2935.00,91.35
2934.00,91.40
2933.00,91.45
2932.00,91.49
2931.00,91.54
2930.00,91.60
2929.00,91.67
2928.00,91.73
2927.00,91.78
2926.00,91.81
2925.00,91.86
2924.00,91.93
2923.00,92.00
2922.00,92.07
2921.00,92.13
2920.00,92.20
2919.00,92.27
2918.00,92.33
2917.00,92.39
2916.00,92.43
2915.00,92.47
2914.00,92.50
2913.00,92.53
2912.00,92.57
2911.00,92.61
2910.00,92.66
2909.00,92.71
2908.00,92.76
2907.00,92.82
2906.00,92.88
2905.00,92.97
2904.00,93.08
2903.00,93.18
2902.00,93.24
2901.00,93.28
2900.00,93.30
2899.00,93.34
2898.00,93.38
2897.00,93.41
2896.00,93.44
2895.00,93.45
2894.00,93.46
2893.00,93.46
2892.00,93.45
2891.00,93.49
2890.00,93.55
2889.00,93.63
2888.00,93.69
2887.00,93.73
2886.00,93.77
2885.00,93.81
2884.00,93.82
2883.00,93.84
2882.00,93.85
2881.00,93.89
2880.00,93.93
2879.00,93.99
2878.00,94.06
2877.00,94.13
2876.00,94.19
2875.00,94.24
2874.00,94.27
2873.00,94.30
2872.00,94.31
2871.00,94.32
2870.00,94.33
2869.00,94.36
2868.00,94.39
2867.00,94.42
2866.00,94.47
2865.00,94.52
2864.00,94.57
2863.00,94.61
2862.00,94.66
2861.00,94.73
2860.00,94.81
2859.00,94.87
2858.00,94.90
2857.00,94.92
2856.00,94.93
2855.00,94.96
2854.00,94.98
2853.00,95.00
2852.00,95.04
2851.00,95.10
2850.00,95.17
2849.00,95.22
2848.00,95.23
2847.00,95.23
2846.00,95.25
2845.00,95.26
2844.00,95.27
2843.00,95.27
2842.00,95.28
2841.00,95.31
2840.00,95.35
2839.00,95.38
2838.00,95.39
2837.00,95.38
2836.00,95.39
2835.00,95.41
2834.00,95.46
2833.00,95.51
2832.00,95.56
2831.00,95.59
2830.00,95.61
2829.00,95.63
2828.00,95.63
2827.00,95.63
2826.00,95.63
2825.00,95.66
2824.00,95.69
2823.00,95.71
2822.00,95.71
2821.00,95.70
2820.00,95.69
2819.00,95.72
2818.00,95.76
2817.00,95.81
2816.00,95.85
2815.00,95.88
2814.00,95.90
2813.00,95.93
2812.00,95.95
2811.00,95.99
2810.00,96.03
2809.00,96.06
2808.00,96.08
2807.00,96.09
2806.00,96.08
2805.00,96.08
2804.00,96.07
2803.00,96.07
2802.00,96.09
2801.00,96.11
2800.00,96.14
2799.00,96.18
2798.00,96.21
2797.00,96.22
2796.00,96.23
2795.00,96.25
2794.00,96.27
2793.00,96.30
2792.00,96.35
2791.00,96.41
2790.00,96.46
2789.00,96.48
2788.00,96.47
2787.00,96.44
2786.00,96.41
2785.00,96.41
2784.00,96.43
2783.00,96.47
2782.00,96.51
2781.00,96.52
2780.00,96.52
2779.00,96.53
2778.00,96.55
2777.00,96.58
2776.00,96.63
2775.00,96.66
2774.00,96.68
2773.00,96.68
2772.00,96.67
2771.00,96.65
2770.00,96.65
2769.00,96.65
2768.00,96.66
2767.00,96.69
2766.00,96.72
2765.00,96.76
2764.00,96.80
2763.00,96.82
2762.00,96.83
2761.00,96.81
2760.00,96.79
2759.00,96.79
2758.00,96.81
2757.00,96.83
2756.00,96.84
2755.00,96.84
2754.00,96.85
2753.00,96.86
2752.00,96.89
2751.00,96.90
2750.00,96.91
2749.00,96.91
2748.00,96.90
2747.00,96.90
2746.00,96.90
2745.00,96.90
2744.00,96.89
2743.00,96.90
2742.00,96.93
2741.00,96.98
2740.00,97.03
2739.00,97.09
2738.00,97.12
2737.00,97.13
2736.00,97.11
2735.00,97.07
2734.00,97.04
2733.00,97.01
2732.00,97.00
2731.00,97.00
2730.00,97.02
2729.00,97.04
2728.00,97.05
2727.00,97.06
2726.00,97.06
2725.00,97.08
2724.00,97.10
2723.00,97.09
2722.00,97.06
2721.00,97.02
2720.00,96.99
2719.00,97.01
2718.00,97.06
2717.00,97.13
2716.00,97.19
2715.00,97.24
2714.00,97.27
2713.00,97.26
2712.00,97.23
2711.00,97.20
2710.00,97.18
2709.00,97.20
2708.00,97.22
2707.00,97.25
2706.00,97.27
2705.00,97.27
2704.00,97.26
2703.00,97.25
2702.00,97.24
2701.00,97.24
2700.00,97.25
2699.00,97.26
2698.00,97.27
2697.00,97.28
2696.00,97.28
2695.00,97.28
2694.00,97.28
2693.00,97.28
2692.00,97.30
2691.00,97.35
2690.00,97.39
2689.00,97.42
2688.00,97.43
2687.00,97.42
2686.00,97.40
2685.00,97.39
2684.00,97.39
2683.00,97.39
2682.00,97.40
2681.00,97.40
2680.00,97.40
2679.00,97.40
2678.00,97.39
2677.00,97.39
2676.00,97.39
2675.00,97.40
2674.00,97.40
2673.00,97.40
2672.00,97.39
2671.00,97.39
2670.00,97.41
2669.00,97.43
2668.00,97.45
2667.00,97.46
2666.00,97.47
2665.00,97.47
2664.00,97.45
2663.00,97.43
2662.00,97.42
2661.00,97.42
2660.00,97.43
2659.00,97.45
2658.00,97.46
2657.00,97.45
2656.00,97.41
2655.00,97.37
2654.00,97.36
2653.00,97.38
2652.00,97.42
2651.00,97.45
2650.00,97.47
2649.00,97.47
2648.00,97.44
2647.00,97.42
2646.00,97.40
2645.00,97.41
2644.00,97.42
2643.00,97.43
2642.00,97.43
2641.00,97.40
2640.00,97.37
2639.00,97.35
2638.00,97.36
2637.00,97.37
2636.00,97.39
2635.00,97.39
2634.00,97.38
2633.00,97.39
2632.00,97.40
2631.00,97.43
2630.00,97.45
2629.00,97.47
2628.00,97.47
2627.00,97.45
2626.00,97.43
2625.00,97.41
2624.00,97.40
2623.00,97.40
2622.00,97.42
2621.00,97.44
2620.00,97.44
2619.00,97.42
2618.00,97.39
2617.00,97.39
2616.00,97.41
2615.00,97.43
2614.00,97.45
2613.00,97.46
2612.00,97.48
2611.00,97.50
2610.00,97.51
2609.00,97.49
2608.00,97.46
2607.00,97.44
2606.00,97.42
2605.00,97.42
2604.00,97.44
2603.00,97.47
2602.00,97.49
2601.00,97.49
2600.00,97.46
2599.00,97.42
2598.00,97.39
2597.00,97.39
2596.00,97.41
2595.00,97.45
2594.00,97.47
2593.00,97.45
2592.00,97.42
2591.00,97.39
2590.00,97.41
2589.00,97.45
2588.00,97.47
2587.00,97.44
2586.00,97.37
2585.00,97.32
2584.00,97.34
2583.00,97.41
2582.00,97.50
2581.00,97.55
2580.00,97.55
2579.00,97.50
2578.00,97.45
2577.00,97.41
2576.00,97.40
2575.00,97.42
2574.00,97.44
2573.00,97.46
2572.00,97.45
2571.00,97.43
2570.00,97.40
2569.00,97.40
2568.00,97.42
2567.00,97.44
2566.00,97.46
2565.00,97.46
2564.00,97.46
2563.00,97.46
2562.00,97.46
2561.00,97.44
2560.00,97.43
2559.00,97.43
2558.00,97.43
2557.00,97.42
2556.00,97.41
2555.00,97.40
2554.00,97.41
2553.00,97.40
2552.00,97.39
2551.00,97.37
2550.00,97.35
2549.00,97.33
2548.00,97.31
2547.00,97.31
2546.00,97.31
2545.00,97.32
2544.00,97.32
2543.00,97.31
2542.00,97.30
2541.00,97.30
2540.00,97.31
2539.00,97.32
2538.00,97.31
2537.00,97.31
2536.00,97.30
2535.00,97.31
2534.00,97.32
2533.00,97.32
2532.00,97.32
2531.00,97.33
2530.00,97.34
2529.00,97.34
2528.00,97.34
2527.00,97.36
2526.00,97.38
2525.00,97.39
2524.00,97.38
2523.00,97.34
2522.00,97.32
2521.00,97.33
2520.00,97.37
2519.00,97.42
2518.00,97.47
2517.00,97.48
2516.00,97.46
2515.00,97.43
2514.00,97.42
2513.00,97.42
2512.00,97.43
2511.00,97.42
2510.00,97.40
2509.00,97.37
2508.00,97.34
2507.00,97.34
2506.00,97.33
2505.00,97.31
2504.00,97.28
2503.00,97.27
2502.00,97.29
2501.00,97.30
2500.00,97.29
2499.00,97.25
2498.00,97.22
2497.00,97.19
2496.00,97.15
2495.00,97.12
2494.00,97.13
2493.00,97.19
2492.00,97.29
2491.00,97.35
2490.00,97.35
2489.00,97.30
2488.00,97.24
2487.00,97.21
2486.00,97.21
2485.00,97.22
2484.00,97.23
2483.00,97.22
2482.00,97.21
2481.00,97.19
2480.00,97.19
2479.00,97.20
2478.00,97.23
2477.00,97.25
2476.00,97.24
2475.00,97.20
2474.00,97.14
2473.00,97.09
2472.00,97.06
2471.00,97.05
2470.00,97.05
2469.00,97.07
2468.00,97.09
2467.00,97.12
2466.00,97.13
2465.00,97.11
2464.00,97.06
2463.00,97.01
2462.00,97.01
2461.00,97.05
2460.00,97.11
2459.00,97.14
2458.00,97.13
2457.00,97.11
2456.00,97.06
2455.00,97.00
2454.00,96.95
2453.00,96.91
2452.00,96.90
2451.00,96.90
2450.00,96.90
2449.00,96.90
2448.00,96.90
2447.00,96.90
2446.00,96.90
2445.00,96.91
2444.00,96.92
2443.00,96.93
2442.00,96.94
2441.00,96.95
2440.00,96.95
2439.00,96.96
2438.00,96.99
2437.00,97.02
2436.00,97.04
2435.00,97.02
2434.00,96.99
2433.00,96.96
2432.00,96.94
2431.00,96.94
2430.00,96.94
2429.00,96.94
2428.00,96.92
2427.00,96.87
2426.00,96.81
2425.00,96.77
2424.00,96.78
2423.00,96.84
2422.00,96.91
2421.00,96.97
2420.00,96.98
2419.00,96.95
2418.00,96.90
2417.00,96.87
2416.00,96.87
2415.00,96.89
2414.00,96.90
2413.00,96.89
2412.00,96.88
2411.00,96.87
2410.00,96.86
2409.00,96.86
2408.00,96.87
2407.00,96.88
2406.00,96.88
2405.00,96.86
2404.00,96.84
2403.00,96.83
2402.00,96.83
2401.00,96.83
2400.00,96.82
2399.00,96.80
2398.00,96.78
2397.00,96.76
2396.00,96.73
2395.00,96.70
2394.00,96.68
2393.00,96.69
2392.00,96.72
2391.00,96.75
2390.00,96.77
2389.00,96.76
2388.00,96.74
2387.00,96.70
2386.00,96.68
2385.00,96.66
2384.00,96.65
2383.00,96.64
2382.00,96.62
2381.00,96.61
2380.00,96.59
2379.00,96.56
2378.00,96.50
2377.00,96.44
2376.00,96.40
2375.00,96.40
2374.00,96.42
2373.00,96.39
2372.00,96.33
2371.00,96.27
2370.00,96.25
2369.00,96.29
2368.00,96.33
2367.00,96.34
2366.00,96.29
2365.00,96.20
2364.00,96.13
2363.00,96.09
2362.00,96.06
2361.00,96.01
2360.00,95.96
2359.00,95.95
2358.00,96.00
2357.00,96.12
2356.00,96.24
2355.00,96.33
2354.00,96.33
2353.00,96.26
2352.00,96.18
2351.00,96.12
2350.00,96.07
2349.00,96.01
2348.00,95.95
2347.00,95.89
2346.00,95.85
2345.00,95.80
2344.00,95.74
2343.00,95.67
2342.00,95.62
2341.00,95.61
2340.00,95.63
2339.00,95.70
2338.00,95.79
2337.00,95.89
2336.00,95.96
2335.00,95.98
2334.00,95.96
2333.00,95.94
2332.00,95.94
2331.00,95.96
2330.00,95.96
2329.00,95.92
2328.00,95.85
2327.00,95.80
2326.00,95.77
2325.00,95.75
2324.00,95.71
2323.00,95.68
2322.00,95.66
2321.00,95.66
2320.00,95.69
2319.00,95.72
2318.00,95.75
2317.00,95.74
2316.00,95.72
2315.00,95.71
2314.00,95.73
2313.00,95.75
2312.00,95.79
2311.00,95.83
2310.00,95.86
2309.00,95.86
2308.00,95.83
2307.00,95.80
2306.00,95.78
2305.00,95.77
2304.00,95.77
2303.00,95.77
2302.00,95.76
2301.00,95.74
2300.00,95.72
2299.00,95.72
2298.00,95.75
2297.00,95.79
2296.00,95.82
2295.00,95.83
2294.00,95.81
2293.00,95.74
2292.00,95.64
2291.00,95.57
2290.00,95.55
2289.00,95.57
2288.00,95.60
2287.00,95.64
2286.00,95.69
2285.00,95.73
2284.00,95.73
2283.00,95.70
2282.00,95.65
2281.00,95.58
2280.00,95.53
2279.00,95.52
2278.00,95.52
2277.00,95.52
2276.00,95.52
2275.00,95.52
2274.00,95.53
2273.00,95.52
2272.00,95.48
2271.00,95.43
2270.00,95.37
2269.00,95.30
2268.00,95.23
2267.00,95.20
2266.00,95.22
2265.00,95.25
2264.00,95.26
2263.00,95.24
2262.00,95.19
2261.00,95.16
2260.00,95.14
2259.00,95.14
2258.00,95.14
2257.00,95.11
2256.00,95.08
2255.00,95.05
2254.00,95.06
2253.00,95.11
2252.00,95.19
2251.00,95.27
2250.00,95.33
2249.00,95.35
2248.00,95.37
2247.00,95.41
2246.00,95.44
2245.00,95.40
2244.00,95.30
2243.00,95.23
2242.00,95.24
2241.00,95.27
2240.00,95.27
2239.00,95.21
2238.00,95.16
2237.00,95.13
2236.00,95.11
2235.00,95.11
2234.00,95.09
2233.00,95.04
2232.00,94.96
2231.00,94.88
2230.00,94.85
2229.00,94.87
2228.00,94.91
2227.00,94.93
2226.00,94.91
2225.00,94.89
2224.00,94.91
2223.00,94.97
2222.00,95.00
2221.00,94.97
2220.00,94.89
2219.00,94.80
2218.00,94.77
2217.00,94.76
2216.00,94.79
2215.00,94.85
2214.00,94.90
2213.00,94.91
2212.00,94.85
2211.00,94.77
2210.00,94.72
2209.00,94.72
2208.00,94.75
2207.00,94.77
2206.00,94.76
2205.00,94.70
2204.00,94.59
2203.00,94.48
2202.00,94.44
2201.00,94.47
2200.00,94.53
2199.00,94.59
2198.00,94.60
2197.00,94.56
2196.00,94.49
2195.00,94.42
2194.00,94.40
2193.00,94.40
2192.00,94.41
2191.00,94.41
2190.00,94.39
2189.00,94.37
2188.00,94.35
2187.00,94.35
2186.00,94.34
2185.00,94.33
2184.00,94.30
2183.00,94.24
2182.00,94.14
2181.00,94.03
2180.00,93.99
2179.00,94.07
2178.00,94.26
2177.00,94.44
2176.00,94.56
2175.00,94.66
2174.00,94.74
2173.00,94.76
2172.00,94.68
2171.00,94.50
2170.00,94.30
2169.00,94.13
2168.00,94.01
2167.00,93.93
2166.00,93.85
2165.00,93.76
2164.00,93.67
2163.00,93.62
2162.00,93.63
2161.00,93.67
2160.00,93.72
2159.00,93.81
2158.00,93.94
2157.00,94.06
2156.00,94.13
2155.00,94.19
2154.00,94.23
2153.00,94.24
2152.00,94.19
2151.00,94.11
2150.00,94.05
2149.00,94.01
2148.00,94.00
2147.00,94.00
2146.00,94.02
2145.00,94.03
2144.00,94.01
2143.00,93.99
2142.00,93.98
2141.00,93.98
2140.00,93.97
2139.00,93.92
2138.00,93.85
2137.00,93.77
2136.00,93.76
2135.00,93.81
2134.00,93.91
2133.00,94.00
2132.00,94.05
2131.00,94.07
2130.00,94.07
2129.00,94.04
2128.00,93.98
2127.00,93.93
2126.00,93.90
2125.00,93.88
2124.00,93.88
2123.00,93.90
2122.00,93.95
2121.00,93.99
2120.00,94.01
2119.00,93.99
2118.00,93.95
2117.00,93.91
2116.00,93.89
2115.00,93.88
2114.00,93.89
2113.00,93.91
2112.00,93.93
2111.00,93.96
2110.00,93.97
2109.00,93.96
2108.00,93.92
2107.00,93.85
2106.00,93.80
2105.00,93.82
2104.00,93.88
2103.00,93.96
2102.00,93.98
2101.00,93.93
2100.00,93.87
2099.00,93.86
2098.00,93.90
2097.00,93.95
2096.00,93.95
2095.00,93.92
2094.00,93.88
2093.00,93.84
2092.00,93.81
2091.00,93.80
2090.00,93.79
2089.00,93.77
2088.00,93.73
2087.00,93.68
2086.00,93.64
2085.00,93.65
2084.00,93.69
2083.00,93.74
2082.00,93.77
2081.00,93.77
2080.00,93.76
2079.00,93.78
2078.00,93.81
2077.00,93.82
2076.00,93.81
2075.00,93.82
2074.00,93.83
2073.00,93.79
2072.00,93.72
2071.00,93.64
2070.00,93.60
2069.00,93.57
2068.00,93.53
2067.00,93.48
2066.00,93.45
2065.00,93.45
2064.00,93.44
2063.00,93.42
2062.00,93.36
2061.00,93.27
2060.00,93.15
2059.00,93.05
2058.00,92.97
2057.00,92.89
2056.00,92.79
2055.00,92.68
2054.00,92.57
2053.00,92.45
2052.00,92.32
2051.00,92.24
2050.00,92.24
2049.00,92.32
2048.00,92.40
2047.00,92.43
2046.00,92.43
2045.00,92.42
2044.00,92.43
2043.00,92.47
2042.00,92.53
2041.00,92.61
2040.00,92.68
2039.00,92.77
2038.00,92.87
2037.00,92.98
2036.00,93.07
2035.00,93.18
2034.00,93.31
2033.00,93.43
2032.00,93.56
2031.00,93.70
2030.00,93.82
2029.00,93.89
2028.00,93.93
2027.00,94.00
2026.00,94.12
2025.00,94.24
2024.00,94.29
2023.00,94.27
2022.00,94.24
2021.00,94.23
2020.00,94.23
2019.00,94.25
2018.00,94.28
2017.00,94.34
2016.00,94.39
2015.00,94.40
2014.00,94.35
2013.00,94.28
2012.00,94.27
2011.00,94.34
2010.00,94.45
2009.00,94.50
2008.00,94.51
2007.00,94.50
2006.00,94.50
2005.00,94.48
2004.00,94.43
2003.00,94.42
2002.00,94.48
2001.00,94.61
2000.00,94.76
1999.00,94.86
1998.00,94.87
1997.00,94.78
1996.00,94.66
1995.00,94.58
1994.00,94.56
1993.00,94.58
1992.00,94.61
1991.00,94.66
1990.00,94.69
1989.00,94.67
1988.00,94.63
1987.00,94.60
1986.00,94.61
1985.00,94.64
1984.00,94.66
1983.00,94.67
1982.00,94.68
1981.00,94.69
1980.00,94.70
1979.00,94.75
1978.00,94.84
1977.00,94.92
1976.00,94.95
1975.00,94.97
1974.00,94.98
1973.00,94.95
1972.00,94.91
1971.00,94.89
1970.00,94.92
1969.00,94.96
1968.00,94.99
1967.00,95.05
1966.00,95.15
1965.00,95.22
1964.00,95.23
1963.00,95.20
1962.00,95.16
1961.00,95.13
1960.00,95.13
1959.00,95.17
1958.00,95.23
1957.00,95.25
1956.00,95.20
1955.00,95.14
1954.00,95.11
1953.00,95.13
1952.00,95.19
1951.00,95.28
1950.00,95.39
1949.00,95.45
1948.00,95.44
1947.00,95.40
1946.00,95.36
1945.00,95.34
1944.00,95.35
1943.00,95.39
1942.00,95.43
1941.00,95.44
1940.00,95.42
1939.00,95.40
1938.00,95.38
1937.00,95.38
1936.00,95.39
1935.00,95.41
1934.00,95.42
1933.00,95.44
1932.00,95.46
1931.00,95.50
1930.00,95.53
1929.00,95.51
1928.00,95.46
1927.00,95.43
1926.00,95.42
1925.00,95.41
1924.00,95.41
1923.00,95.40
1922.00,95.39
1921.00,95.35
1920.00,95.29
1919.00,95.26
1918.00,95.27
1917.00,95.33
1916.00,95.40
1915.00,95.47
1914.00,95.52
1913.00,95.54
1912.00,95.52
1911.00,95.49
1910.00,95.47
1909.00,95.45
1908.00,95.45
1907.00,95.46
1906.00,95.47
1905.00,95.49
1904.00,95.49
1903.00,95.52
1902.00,95.57
1901.00,95.60
1900.00,95.60
1899.00,95.57
1898.00,95.54
1897.00,95.51
1896.00,95.50
1895.00,95.54
1894.00,95.61
1893.00,95.66
1892.00,95.67
1891.00,95.65
1890.00,95.59
1889.00,95.53
1888.00,95.48
1887.00,95.48
1886.00,95.50
1885.00,95.50
1884.00,95.49
1883.00,95.49
1882.00,95.52
1881.00,95.56
1880.00,95.59
1879.00,95.59
1878.00,95.57
1877.00,95.54
1876.00,95.52
1875.00,95.53
1874.00,95.55
1873.00,95.55
1872.00,95.52
1871.00,95.49
1870.00,95.50
1869.00,95.50
1868.00,95.47
1867.00,95.45
1866.00,95.45
1865.00,95.48
1864.00,95.52
1863.00,95.56
1862.00,95.58
1861.00,95.57
1860.00,95.52
1859.00,95.48
1858.00,95.47
1857.00,95.49
1856.00,95.52
1855.00,95.54
1854.00,95.55
1853.00,95.53
1852.00,95.50
1851.00,95.47
1850.00,95.45
1849.00,95.44
1848.00,95.42
1847.00,95.42
1846.00,95.43
1845.00,95.43
1844.00,95.42
1843.00,95.40
1842.00,95.42
1841.00,95.43
1840.00,95.44
1839.00,95.45
1838.00,95.46
1837.00,95.47
1836.00,95.47
1835.00,95.46
1834.00,95.44
1833.00,95.42
1832.00,95.39
1831.00,95.38
1830.00,95.40
1829.00,95.42
1828.00,95.43
1827.00,95.41
1826.00,95.37
1825.00,95.31
1824.00,95.26
1823.00,95.24
1822.00,95.25
1821.00,95.26
1820.00,95.25
1819.00,95.23
1818.00,95.22
1817.00,95.20
1816.00,95.17
1815.00,95.15
1814.00,95.14
1813.00,95.13
1812.00,95.12
1811.00,95.12
1810.00,95.14
1809.00,95.16
1808.00,95.16
1807.00,95.15
1806.00,95.14
1805.00,95.11
1804.00,95.07
1803.00,95.05
1802.00,95.05
1801.00,95.05
1800.00,95.03
1799.00,95.01
1798.00,94.99
1797.00,94.95
1796.00,94.90
1795.00,94.86
1794.00,94.83
1793.00,94.82
1792.00,94.81
1791.00,94.81
1790.00,94.81
1789.00,94.81
1788.00,94.79
1787.00,94.78
1786.00,94.77
1785.00,94.74
1784.00,94.71
1783.00,94.69
1782.00,94.67
1781.00,94.63
1780.00,94.57
1779.00,94.52
1778.00,94.49
1777.00,94.47
1776.00,94.44
1775.00,94.41
1774.00,94.38
1773.00,94.32
1772.00,94.25
1771.00,94.22
1770.00,94.23
1769.00,94.23
1768.00,94.20
1767.00,94.17
1766.00,94.15
1765.00,94.12
1764.00,94.07
1763.00,94.03
1762.00,94.00
1761.00,93.96
1760.00,93.90
1759.00,93.84
1758.00,93.80
1757.00,93.77
1756.00,93.70
1755.00,93.64
1754.00,93.59
1753.00,93.53
1752.00,93.46
1751.00,93.38
1750.00,93.30
1749.00,93.22
1748.00,93.14
1747.00,93.09
1746.00,93.08
1745.00,93.05
1744.00,92.98
1743.00,92.90
1742.00,92.82
1741.00,92.73
1740.00,92.61
1739.00,92.50
1738.00,92.45
1737.00,92.42
1736.00,92.34
1735.00,92.17
1734.00,91.96
1733.00,91.80
1732.00,91.72
1731.00,91.66
1730.00,91.58
1729.00,91.47
1728.00,91.34
1727.00,91.24
1726.00,91.15
1725.00,91.05
1724.00,90.90
1723.00,90.74
1722.00,90.62
1721.00,90.53
1720.00,90.43
1719.00,90.30
1718.00,90.11
1717.00,89.85
1716.00,89.58
1715.00,89.37
1714.00,89.21
1713.00,89.06
1712.00,88.90
1711.00,88.73
1710.00,88.56
1709.00,88.40
1708.00,88.22
1707.00,88.01
1706.00,87.74
1705.00,87.45
1704.00,87.21
1703.00,87.06
1702.00,86.94
1701.00,86.71
1700.00,86.29
1699.00,85.91
1698.00,85.69
1697.00,85.44
1696.00,85.06
1695.00,84.71
1694.00,84.48
1693.00,84.30
1692.00,84.07
1691.00,83.79
1690.00,83.46
1689.00,83.13
1688.00,82.83
1687.00,82.58
1686.00,82.36
1685.00,82.00
1684.00,81.40
1683.00,80.93
1682.00,80.68
1681.00,80.45
1680.00,80.17
1679.00,79.89
1678.00,79.65
1677.00,79.38
1676.00,78.99
1675.00,78.51
1674.00,78.12
1673.00,77.85
1672.00,77.60
1671.00,77.28
1670.00,76.87
1669.00,76.40
1668.00,76.00
1667.00,75.72
1666.00,75.53
1665.00,75.33
1664.00,75.02
1663.00,74.56
1662.00,74.12
1661.00,73.78
1660.00,73.51
1659.00,73.26
1658.00,73.04
1657.00,72.84
1656.00,72.66
1655.00,72.45
1654.00,72.07
1653.00,71.41
1652.00,70.91
1651.00,70.72
1650.00,70.65
1649.00,70.57
1648.00,70.33
1647.00,69.94
1646.00,69.64
1645.00,69.50
1644.00,69.39
1643.00,69.26
1642.00,69.14
1641.00,69.04
1640.00,68.95
1639.00,68.85
1638.00,68.78
1637.00,68.73
1636.00,68.67
1635.00,68.62
1634.00,68.66
1633.00,68.73
1632.00,68.79
1631.00,68.85
1630.00,68.93
1629.00,69.06
1628.00,69.20
1627.00,69.34
1626.00,69.51
1625.00,69.72
1624.00,69.97
1623.00,70.25
1622.00,70.53
1621.00,70.76
1620.00,70.95
1619.00,71.15
1618.00,71.42
1617.00,71.82
1616.00,72.23
1615.00,72.56
1614.00,72.85
1613.00,73.13
1612.00,73.41
1611.00,73.70
1610.00,74.02
1609.00,74.37
1608.00,74.73
1607.00,75.06
1606.00,75.36
1605.00,75.66
1604.00,75.96
1603.00,76.25
1602.00,76.54
1601.00,76.84
1600.00,77.12
1599.00,77.38
1598.00,77.63
1597.00,77.88
1596.00,78.14
1595.00,78.38
1594.00,78.61
1593.00,78.83
1592.00,79.04
1591.00,79.26
1590.00,79.48
1589.00,79.68
1588.00,79.88
1587.00,80.06
1586.00,80.24
1585.00,80.42
1584.00,80.61
1583.00,80.78
1582.00,80.94
1581.00,81.08
1580.00,81.20
1579.00,81.29
1578.00,81.38
1577.00,81.51
1576.00,81.70
1575.00,81.88
1574.00,82.01
1573.00,82.12
1572.00,82.22
1571.00,82.33
1570.00,82.44
1569.00,82.54
1568.00,82.64
1567.00,82.73
1566.00,82.81
1565.00,82.89
1564.00,82.94
1563.00,82.99
1562.00,83.03
1561.00,83.10
1560.00,83.20
1559.00,83.32
1558.00,83.38
1557.00,83.42
1556.00,83.46
1555.00,83.48
1554.00,83.51
1553.00,83.55
1552.00,83.60
1551.00,83.66
1550.00,83.72
1549.00,83.80
1548.00,83.87
1547.00,83.94
1546.00,84.00
1545.00,84.08
1544.00,84.17
1543.00,84.26
1542.00,84.33
1541.00,84.38
1540.00,84.43
1539.00,84.47
1538.00,84.53
1537.00,84.59
1536.00,84.64
1535.00,84.68
1534.00,84.73
1533.00,84.81
1532.00,84.92
1531.00,85.01
1530.00,85.10
1529.00,85.18
1528.00,85.26
1527.00,85.32
1526.00,85.35
1525.00,85.39
1524.00,85.45
1523.00,85.52
1522.00,85.56
1521.00,85.59
1520.00,85.62
1519.00,85.65
1518.00,85.69
1517.00,85.77
1516.00,85.88
1515.00,85.98
1514.00,86.05
1513.00,86.08
1512.00,86.11
1511.00,86.13
1510.00,86.16
1509.00,86.19
1508.00,86.23
1507.00,86.27
1506.00,86.33
1505.00,86.41
1504.00,86.47
1503.00,86.52
1502.00,86.56
1501.00,86.59
1500.00,86.62
1499.00,86.64
1498.00,86.68
1497.00,86.72
1496.00,86.78
1495.00,86.82
1494.00,86.84
1493.00,86.86
1492.00,86.87
1491.00,86.87
1490.00,86.86
1489.00,86.86
1488.00,86.90
1487.00,86.95
1486.00,86.98
1485.00,86.99
1484.00,87.00
1483.00,87.00
1482.00,87.01
1481.00,87.01
1480.00,87.02
1479.00,87.03
1478.00,87.04
1477.00,87.04
1476.00,87.02
1475.00,86.99
1474.00,86.95
1473.00,86.91
1472.00,86.88
1471.00,86.88
1470.00,86.89
1469.00,86.91
1468.00,86.92
1467.00,86.92
1466.00,86.90
1465.00,86.91
1464.00,86.93
1463.00,86.96
1462.00,86.99
1461.00,87.01
1460.00,87.03
1459.00,87.03
1458.00,87.02
1457.00,86.99
1456.00,86.98
1455.00,86.99
1454.00,87.01
1453.00,87.04
1452.00,87.07
1451.00,87.09
1450.00,87.10
1449.00,87.11
1448.00,87.12
1447.00,87.13
1446.00,87.14
1445.00,87.15
1444.00,87.16
1443.00,87.17
1442.00,87.18
1441.00,87.19
1440.00,87.21
1439.00,87.24
1438.00,87.27
1437.00,87.30
1436.00,87.30
1435.00,87.29
1434.00,87.28
1433.00,87.29
1432.00,87.31
1431.00,87.31
1430.00,87.29
1429.00,87.27
1428.00,87.27
1427.00,87.26
1426.00,87.25
1425.00,87.22
1424.00,87.18
1423.00,87.16
1422.00,87.17
1421.00,87.17
1420.00,87.14
1419.00,87.05
1418.00,86.94
1417.00,86.87
1416.00,86.85
1415.00,86.84
1414.00,86.84
1413.00,86.85
1412.00,86.84
1411.00,86.83
1410.00,86.83
1409.00,86.83
1408.00,86.85
1407.00,86.86
1406.00,86.87
1405.00,86.89
1404.00,86.92
1403.00,86.97
1402.00,87.02
1401.00,87.06
1400.00,87.09
1399.00,87.11
1398.00,87.12
1397.00,87.13
1396.00,87.15
1395.00,87.17
1394.00,87.21
1393.00,87.25
1392.00,87.30
1391.00,87.34
1390.00,87.38
1389.00,87.42
1388.00,87.46
1387.00,87.49
1386.00,87.49
1385.00,87.49
1384.00,87.48
1383.00,87.47
1382.00,87.47
1381.00,87.46
1380.00,87.47
1379.00,87.48
1378.00,87.49
1377.00,87.50
1376.00,87.51
1375.00,87.51
1374.00,87.51
1373.00,87.50
1372.00,87.50
1371.00,87.50
1370.00,87.50
1369.00,87.50
1368.00,87.50
1367.00,87.51
1366.00,87.52
1365.00,87.52
1364.00,87.51
1363.00,87.48
1362.00,87.45
1361.00,87.44
1360.00,87.45
1359.00,87.46
1358.00,87.47
1357.00,87.47
1356.00,87.46
1355.00,87.46
1354.00,87.46
1353.00,87.45
1352.00,87.44
1351.00,87.44
1350.00,87.44
1349.00,87.46
1348.00,87.48
1347.00,87.51
1346.00,87.53
1345.00,87.55
1344.00,87.55
1343.00,87.55
1342.00,87.55
1341.00,87.53
1340.00,87.51
1339.00,87.49
1338.00,87.49
1337.00,87.50
1336.00,87.52
1335.00,87.54
1334.00,87.55
1333.00,87.56
1332.00,87.57
1331.00,87.58
1330.00,87.59
1329.00,87.60
1328.00,87.62
1327.00,87.63
1326.00,87.62
1325.00,87.60
1324.00,87.58
1323.00,87.57
1322.00,87.56
1321.00,87.56
1320.00,87.56
1319.00,87.55
1318.00,87.54
1317.00,87.53
1316.00,87.52
1315.00,87.52
1314.00,87.51
1313.00,87.51
1312.00,87.52
1311.00,87.52
1310.00,87.52
1309.00,87.52
1308.00,87.51
1307.00,87.51
1306.00,87.51
1305.00,87.51
1304.00,87.50
1303.00,87.48
1302.00,87.47
1301.00,87.47
1300.00,87.47
1299.00,87.49
1298.00,87.51
1297.00,87.53
1296.00,87.55
1295.00,87.57
1294.00,87.58
1293.00,87.57
1292.00,87.56
1291.00,87.55
1290.00,87.55
1289.00,87.56
1288.00,87.56
1287.00,87.56
1286.00,87.58
1285.00,87.59
1284.00,87.60
1283.00,87.59
1282.00,87.56
1281.00,87.54
1280.00,87.54
1279.00,87.55
1278.00,87.58
1277.00,87.60
1276.00,87.61
1275.00,87.61
1274.00,87.60
1273.00,87.59
1272.00,87.59
1271.00,87.59
1270.00,87.60
1269.00,87.61
1268.00,87.61
1267.00,87.61
1266.00,87.61
1265.00,87.60
1264.00,87.57
1263.00,87.54
1262.00,87.51
1261.00,87.48
1260.00,87.46
1259.00,87.46
1258.00,87.45
1257.00,87.45
1256.00,87.43
1255.00,87.42
1254.00,87.40
1253.00,87.38
1252.00,87.36
1251.00,87.33
1250.00,87.30
1249.00,87.27
1248.00,87.25
1247.00,87.23
1246.00,87.22
1245.00,87.21
1244.00,87.22
1243.00,87.22
1242.00,87.23
1241.00,87.23
1240.00,87.23
1239.00,87.23
1238.00,87.22
1237.00,87.21
1236.00,87.23
1235.00,87.26
1234.00,87.29
1233.00,87.30
1232.00,87.30
1231.00,87.30
1230.00,87.29
1229.00,87.29
1228.00,87.29
1227.00,87.30
1226.00,87.32
1225.00,87.34
1224.00,87.36
1223.00,87.37
1222.00,87.36
1221.00,87.35
1220.00,87.34
1219.00,87.33
1218.00,87.32
1217.00,87.31
1216.00,87.32
1215.00,87.33
1214.00,87.35
1213.00,87.37
1212.00,87.39
1211.00,87.40
1210.00,87.40
1209.00,87.39
1208.00,87.38
1207.00,87.38
1206.00,87.37
1205.00,87.38
1204.00,87.39
1203.00,87.40
1202.00,87.40
1201.00,87.39
1200.00,87.39
1199.00,87.40
1198.00,87.41
1197.00,87.41
1196.00,87.42
1195.00,87.42
1194.00,87.43
1193.00,87.44
1192.00,87.45
1191.00,87.46
1190.00,87.47
1189.00,87.47
1188.00,87.48
1187.00,87.47
1186.00,87.45
1185.00,87.42
1184.00,87.40
1183.00,87.39
1182.00,87.40
1181.00,87.42
1180.00,87.45
1179.00,87.46
1178.00,87.46
1177.00,87.46
1176.00,87.45
1175.00,87.44
1174.00,87.43
1173.00,87.42
1172.00,87.42
1171.00,87.42
1170.00,87.42
1169.00,87.41
1168.00,87.41
1167.00,87.40
1166.00,87.40
1165.00,87.39
1164.00,87.37
1163.00,87.36
1162.00,87.36
1161.00,87.38
1160.00,87.40
1159.00,87.40
1158.00,87.38
1157.00,87.34
1156.00,87.30
1155.00,87.26
1154.00,87.25
1153.00,87.28
1152.00,87.33
1151.00,87.36
1150.00,87.37
1149.00,87.35
1148.00,87.32
1147.00,87.28
1146.00,87.25
1145.00,87.22
1144.00,87.21
1143.00,87.21
1142.00,87.21
1141.00,87.20
1140.00,87.19
1139.00,87.17
1138.00,87.15
1137.00,87.13
1136.00,87.12
1135.00,87.11
1134.00,87.09
1133.00,87.08
1132.00,87.07
1131.00,87.06
1130.00,87.05
1129.00,87.05
1128.00,87.06
1127.00,87.06
1126.00,87.04
1125.00,86.99
1124.00,86.96
1123.00,86.94
1122.00,86.94
1121.00,86.95
1120.00,86.97
1119.00,86.98
1118.00,86.98
1117.00,86.96
1116.00,86.94
1115.00,86.93
1114.00,86.92
1113.00,86.91
1112.00,86.89
1111.00,86.87
1110.00,86.84
1109.00,86.81
1108.00,86.80
1107.00,86.81
1106.00,86.83
1105.00,86.83
1104.00,86.80
1103.00,86.76
1102.00,86.70
1101.00,86.63
1100.00,86.60
1099.00,86.59
1098.00,86.60
1097.00,86.61
1096.00,86.61
1095.00,86.59
1094.00,86.57
1093.00,86.56
1092.00,86.55
1091.00,86.56
1090.00,86.58
1089.00,86.58
1088.00,86.56
1087.00,86.55
1086.00,86.54
1085.00,86.53
1084.00,86.50
1083.00,86.45
1082.00,86.40
1081.00,86.38
1080.00,86.39
1079.00,86.42
1078.00,86.45
1077.00,86.45
1076.00,86.44
1075.00,86.42
1074.00,86.40
1073.00,86.36
1072.00,86.32
1071.00,86.32
1070.00,86.36
1069.00,86.41
1068.00,86.46
1067.00,86.49
1066.00,86.49
1065.00,86.48
1064.00,86.44
1063.00,86.41
1062.00,86.40
1061.00,86.39
1060.00,86.38
1059.00,86.36
1058.00,86.34
1057.00,86.35
1056.00,86.38
1055.00,86.40
1054.00,86.39
1053.00,86.34
1052.00,86.29
1051.00,86.25
1050.00,86.24
1049.00,86.24
1048.00,86.24
1047.00,86.22
1046.00,86.21
1045.00,86.20
1044.00,86.21
1043.00,86.22
1042.00,86.21
1041.00,86.18
1040.00,86.16
1039.00,86.16
1038.00,86.19
1037.00,86.21
1036.00,86.21
1035.00,86.19
1034.00,86.15
1033.00,86.11
1032.00,86.08
1031.00,86.05
1030.00,86.02
1029.00,85.99
1028.00,85.98
1027.00,85.99
1026.00,86.00
1025.00,86.01
1024.00,86.01
1023.00,86.00
1022.00,85.98
1021.00,85.96
1020.00,85.93
1019.00,85.92
1018.00,85.91
1017.00,85.89
1016.00,85.87
1015.00,85.83
1014.00,85.79
1013.00,85.73
1012.00,85.68
1011.00,85.64
1010.00,85.59
1009.00,85.55
1008.00,85.51
1007.00,85.48
1006.00,85.47
1005.00,85.46
1004.00,85.45
1003.00,85.42
1002.00,85.40
1001.00,85.38
1000.00,85.35
999.00,85.30
998.00,85.24
997.00,85.18
996.00,85.14
995.00,85.11
994.00,85.07
993.00,85.02
992.00,84.97
991.00,84.94
990.00,84.94
989.00,84.96
988.00,84.96
987.00,84.94
986.00,84.90
985.00,84.84
984.00,84.76
983.00,84.71
982.00,84.69
981.00,84.70
980.00,84.69
979.00,84.67
978.00,84.63
977.00,84.56
976.00,84.49
975.00,84.44
974.00,84.40
973.00,84.36
972.00,84.30
971.00,84.22
970.00,84.14
969.00,84.08
968.00,84.05
967.00,84.05
966.00,84.05
965.00,84.03
964.00,83.98
963.00,83.92
962.00,83.83
961.00,83.73
960.00,83.61
959.00,83.52
958.00,83.48
957.00,83.45
956.00,83.41
955.00,83.36
954.00,83.29
953.00,83.22
952.00,83.15
951.00,83.06
950.00,82.97
949.00,82.89
948.00,82.81
947.00,82.74
946.00,82.69
945.00,82.63
944.00,82.57
943.00,82.51
942.00,82.46
941.00,82.40
940.00,82.31
939.00,82.19
938.00,82.08
937.00,81.97
936.00,81.88
935.00,81.79
934.00,81.69
933.00,81.59
932.00,81.51
931.00,81.46
930.00,81.44
929.00,81.38
928.00,81.27
927.00,81.13
926.00,81.00
925.00,80.89
924.00,80.79
923.00,80.70
922.00,80.60
921.00,80.49
920.00,80.36
919.00,80.22
918.00,80.09
917.00,79.98
916.00,79.88
915.00,79.75
914.00,79.60
913.00,79.44
912.00,79.31
911.00,79.21
910.00,79.12
909.00,79.02
908.00,78.91
907.00,78.82
906.00,78.75
905.00,78.66
904.00,78.51
903.00,78.34
902.00,78.17
901.00,78.02
900.00,77.88
899.00,77.75
898.00,77.65
897.00,77.55
896.00,77.45
895.00,77.33
894.00,77.20
893.00,77.05
892.00,76.90
891.00,76.75
890.00,76.61
889.00,76.47
888.00,76.32
887.00,76.15
886.00,75.98
885.00,75.79
884.00,75.61
883.00,75.45
882.00,75.31
881.00,75.17
880.00,75.03
879.00,74.90
878.00,74.78
877.00,74.65
876.00,74.50
875.00,74.33
874.00,74.17
873.00,74.02
872.00,73.86
871.00,73.71
870.00,73.58
869.00,73.43
868.00,73.24
867.00,73.04
866.00,72.86
865.00,72.70
864.00,72.54
863.00,72.37
862.00,72.21
861.00,72.05
860.00,71.90
859.00,71.76
858.00,71.62
857.00,71.48
856.00,71.35
855.00,71.22
854.00,71.09
853.00,70.94
852.00,70.77
851.00,70.61
850.00,70.46
849.00,70.29
848.00,70.09
847.00,69.89
846.00,69.71
845.00,69.52
844.00,69.32
843.00,69.14
842.00,68.98
841.00,68.84
840.00,68.69
839.00,68.55
838.00,68.41
837.00,68.23
836.00,67.99
835.00,67.73
834.00,67.53
833.00,67.36
832.00,67.21
831.00,67.05
830.00,66.90
829.00,66.79
828.00,66.67
827.00,66.53
826.00,66.35
825.00,66.16
824.00,65.97
823.00,65.78
822.00,65.61
821.00,65.43
820.00,65.24
819.00,65.07
818.00,64.93
817.00,64.78
816.00,64.62
815.00,64.45
814.00,64.29
813.00,64.15
812.00,64.03
811.00,63.92
810.00,63.81
809.00,63.65
808.00,63.45
807.00,63.27
806.00,63.15
805.00,63.06
804.00,62.94
803.00,62.77
802.00,62.54
801.00,62.29
800.00,62.07
799.00,61.91
798.00,61.80
797.00,61.67
796.00,61.47
795.00,61.25
794.00,61.07
793.00,60.94
792.00,60.82
791.00,60.67
790.00,60.51
789.00,60.33
788.00,60.17
787.00,60.02
786.00,59.89
785.00,59.75
784.00,59.62
783.00,59.49
782.00,59.33
781.00,59.15
780.00,58.95
779.00,58.80
778.00,58.70
777.00,58.58
776.00,58.42
775.00,58.23
774.00,58.04
773.00,57.85
772.00,57.67
771.00,57.52
770.00,57.40
769.00,57.26
768.00,57.06
767.00,56.88
766.00,56.77
765.00,56.70
764.00,56.62
763.00,56.49
762.00,56.33
761.00,56.14
760.00,55.93
759.00,55.75
758.00,55.60
757.00,55.49
756.00,55.37
755.00,55.25
754.00,55.14
753.00,55.03
752.00,54.91
751.00,54.78
750.00,54.64
749.00,54.47
748.00,54.27
747.00,54.09
746.00,53.96
745.00,53.85
744.00,53.72
743.00,53.58
742.00,53.43
741.00,53.26
740.00,53.09
739.00,52.96
738.00,52.88
737.00,52.82
736.00,52.72
735.00,52.58
734.00,52.43
733.00,52.29
732.00,52.15
731.00,52.02
730.00,51.90
729.00,51.77
728.00,51.65
727.00,51.54
726.00,51.45
725.00,51.34
724.00,51.19
723.00,51.02
722.00,50.87
721.00,50.72
720.00,50.57
719.00,50.42
718.00,50.28
717.00,50.12
716.00,49.95
715.00,49.83
714.00,49.74
713.00,49.65
712.00,49.54
711.00,49.45
710.00,49.40
709.00,49.31
708.00,49.16
707.00,48.96
706.00,48.78
705.00,48.65
704.00,48.56
703.00,48.53
702.00,48.50
701.00,48.42
700.00,48.27
699.00,48.10
698.00,47.95
697.00,47.82
696.00,47.71
695.00,47.61
694.00,47.51
693.00,47.39
692.00,47.27
691.00,47.17
690.00,47.11
689.00,47.00
688.00,46.82
687.00,46.63
686.00,46.50
685.00,46.42
684.00,46.36
683.00,46.32
682.00,46.29
681.00,46.20
680.00,46.03
679.00,45.85
678.00,45.71
677.00,45.59
676.00,45.47
675.00,45.37
674.00,45.28
673.00,45.20
672.00,45.13
671.00,45.10
670.00,45.10
669.00,45.01
668.00,44.76
667.00,44.53
666.00,44.41
665.00,44.33
664.00,44.25
663.00,44.16
662.00,44.05
661.00,43.84
660.00,43.59
659.00,43.49
658.00,43.58
657.00,43.68
656.00,43.64
655.00,43.54
654.00,43.50
653.00,43.53
652.00,43.56
651.00,43.58
650.00,43.55
649.00,43.40
648.00,43.15
647.00,42.94
646.00,42.81
645.00,42.65
644.00,42.44
643.00,42.33
642.00,42.42
641.00,42.58
640.00,42.65
639.00,42.59
638.00,42.44
637.00,42.20
636.00,41.94
635.00,41.83
634.00,41.87
633.00,41.82
632.00,41.58
631.00,41.36
630.00,41.36
629.00,41.47
628.00,41.49
627.00,41.44
626.00,41.44
625.00,41.43
624.00,41.27
623.00,41.05
622.00,40.90
621.00,40.80
620.00,40.77
619.00,40.92
618.00,41.29
617.00,41.62
616.00,41.77
615.00,41.85
614.00,41.92
613.00,41.82
612.00,41.47
611.00,41.06
610.00,40.74
609.00,40.47
608.00,40.26
607.00,40.25
606.00,40.36
605.00,40.30
604.00,40.03
603.00,39.79
602.00,39.69
601.00,39.52
600.00,39.25
599.00,39.17
598.00,39.49
597.00,39.93
596.00,40.22
595.00,40.37
594.00,40.46
593.00,40.38
592.00,40.11
591.00,39.96
590.00,40.05
589.00,40.10
588.00,39.97
587.00,39.87
586.00,39.91
585.00,39.85
584.00,39.62
583.00,39.57
582.00,39.83
581.00,39.95
580.00,39.81
579.00,40.03
578.00,40.93
577.00,41.76
576.00,41.70
575.00,40.99
574.00,40.43
573.00,40.21
572.00,40.16
571.00,40.24
570.00,40.12
569.00,39.37
568.00,38.29
567.00,37.93
566.00,38.53
565.00,39.05
564.00,38.74
563.00,38.06
562.00,37.78
561.00,37.89
560.00,37.94
559.00,37.88
558.00,37.91
557.00,38.09
556.00,38.59
555.00,39.63
554.00,40.64
553.00,40.60
552.00,39.40
551.00,38.07
550.00,37.33
