Created as New Dataset,Sample 002 By Administrator Date Tuesday, December 15 2020
cm-1,%T
4000.00,98.37
3999.00,98.36
3998.00,98.33
3997.00,98.32
3996.00,98.33
3995.00,98.35
3994.00,98.37
3993.00,98.37
3992.00,98.34
3991.00,98.31
3990.00,98.30
3989.00,98.33
3988.00,98.36
3987.00,98.38
3986.00,98.35
3985.00,98.29
3984.00,98.23
3983.00,98.21
3982.00,98.24
3981.00,98.28
3980.00,98.32
3979.00,98.35
3978.00,98.36
3977.00,98.37
3976.00,98.35
3975.00,98.29
3974.00,98.24
3973.00,98.22
3972.00,98.28
3971.00,98.38
3970.00,98.47
3969.00,98.51
3968.00,98.49
3967.00,98.43
3966.00,98.34
3965.00,98.25
3964.00,98.16
3963.00,98.12
3962.00,98.15
3961.00,98.24
3960.00,98.35
3959.00,98.41
3958.00,98.39
3957.00,98.33
3956.00,98.26
3955.00,98.23
3954.00,98.25
3953.00,98.28
3952.00,98.32
3951.00,98.35
3950.00,98.38
3949.00,98.40
3948.00,98.41
3947.00,98.40
3946.00,98.36
3945.00,98.31
3944.00,98.30
3943.00,98.33
3942.00,98.38
3941.00,98.42
3940.00,98.42
3939.00,98.36
3938.00,98.28
3937.00,98.19
3936.00,98.13
3935.00,98.11
3934.00,98.11
3933.00,98.12
3932.00,98.12
3931.00,98.12
3930.00,98.14
3929.00,98.17
3928.00,98.21
3927.00,98.24
3926.00,98.25
3925.00,98.25
3924.00,98.24
3923.00,98.24
3922.00,98.25
3921.00,98.28
3920.00,98.31
3919.00,98.35
3918.00,98.37
3917.00,98.39
3916.00,98.40
3915.00,98.40
3914.00,98.40
3913.00,98.39
3912.00,98.39
3911.00,98.40
3910.00,98.40
3909.00,98.40
3908.00,98.39
3907.00,98.41
3906.00,98.45
3905.00,98.48
3904.00,98.46
3903.00,98.36
3902.00,98.22
3901.00,98.11
3900.00,98.08
3899.00,98.13
3898.00,98.19
3897.00,98.24
3896.00,98.29
3895.00,98.32
3894.00,98.36
3893.00,98.40
3892.00,98.43
3891.00,98.44
3890.00,98.44
3889.00,98.43
3888.00,98.43
3887.00,98.41
3886.00,98.38
3885.00,98.35
3884.00,98.35
3883.00,98.37
3882.00,98.43
3881.00,98.48
3880.00,98.51
3879.00,98.51
3878.00,98.50
3877.00,98.49
3876.00,98.47
3875.00,98.46
3874.00,98.47
3873.00,98.53
3872.00,98.61
3871.00,98.64
3870.00,98.57
3869.00,98.43
3868.00,98.31
3867.00,98.29
3866.00,98.38
3865.00,98.52
3864.00,98.61
3863.00,98.60
3862.00,98.52
3861.00,98.45
3860.00,98.42
3859.00,98.42
3858.00,98.43
3857.00,98.47
3856.00,98.54
3855.00,98.65
3854.00,98.70
3853.00,98.58
3852.00,98.38
3851.00,98.23
3850.00,98.18
3849.00,98.18
3848.00,98.22
3847.00,98.27
3846.00,98.32
3845.00,98.39
3844.00,98.47
3843.00,98.57
3842.00,98.65
3841.00,98.69
3840.00,98.70
3839.00,98.67
3838.00,98.65
3837.00,98.65
3836.00,98.66
3835.00,98.65
3834.00,98.60
3833.00,98.51
3832.00,98.41
3831.00,98.35
3830.00,98.35
3829.00,98.37
3828.00,98.37
3827.00,98.35
3826.00,98.30
3825.00,98.27
3824.00,98.27
3823.00,98.32
3822.00,98.41
3821.00,98.52
3820.00,98.61
3819.00,98.61
3818.00,98.56
3817.00,98.46
3816.00,98.36
3815.00,98.29
3814.00,98.27
3813.00,98.27
3812.00,98.29
3811.00,98.30
3810.00,98.30
3809.00,98.27
3808.00,98.24
3807.00,98.21
3806.00,98.19
3805.00,98.17
3804.00,98.13
3803.00,98.08
3802.00,98.05
3801.00,98.04
3800.00,98.06
3799.00,98.08
3798.00,98.10
3797.00,98.11
3796.00,98.12
3795.00,98.14
3794.00,98.18
3793.00,98.26
3792.00,98.35
3791.00,98.42
3790.00,98.42
3789.00,98.36
3788.00,98.28
3787.00,98.21
3786.00,98.18
3785.00,98.18
3784.00,98.19
3783.00,98.18
3782.00,98.18
3781.00,98.17
3780.00,98.20
3779.00,98.27
3778.00,98.35
3777.00,98.41
3776.00,98.40
3775.00,98.35
3774.00,98.27
3773.00,98.22
3772.00,98.22
3771.00,98.29
3770.00,98.39
3769.00,98.46
3768.00,98.45
3767.00,98.34
3766.00,98.18
3765.00,98.05
3764.00,97.98
3763.00,97.98
3762.00,98.01
3761.00,98.03
3760.00,98.03
3759.00,98.02
3758.00,98.02
3757.00,98.01
3756.00,98.01
3755.00,98.03
3754.00,98.12
3753.00,98.28
3752.00,98.42
3751.00,98.35
3750.00,98.07
3749.00,97.76
3748.00,97.57
3747.00,97.51
3746.00,97.56
3745.00,97.70
3744.00,97.83
3743.00,97.90
3742.00,97.89
3741.00,97.83
3740.00,97.76
3739.00,97.72
3738.00,97.74
3737.00,97.82
3736.00,97.92
3735.00,97.98
3734.00,97.96
3733.00,97.89
3732.00,97.81
3731.00,97.75
3730.00,97.71
3729.00,97.71
3728.00,97.73
3727.00,97.79
3726.00,97.87
3725.00,97.95
3724.00,98.00
3723.00,98.02
3722.00,97.97
3721.00,97.87
3720.00,97.75
3719.00,97.65
3718.00,97.55
3717.00,97.46
3716.00,97.39
3715.00,97.35
3714.00,97.34
3713.00,97.34
3712.00,97.33
3711.00,97.30
3710.00,97.27
3709.00,97.23
3708.00,97.18
3707.00,97.12
3706.00,97.06
3705.00,97.00
3704.00,96.96
3703.00,96.95
3702.00,96.94
3701.00,96.91
3700.00,96.83
3699.00,96.73
3698.00,96.62
3697.00,96.56
3696.00,96.57
3695.00,96.62
3694.00,96.70
3693.00,96.78
3692.00,96.80
3691.00,96.70
3690.00,96.44
3689.00,96.11
3688.00,95.85
3687.00,95.69
3686.00,95.59
3685.00,95.51
3684.00,95.43
3683.00,95.36
3682.00,95.28
3681.00,95.20
3680.00,95.11
3679.00,95.01
3678.00,94.93
3677.00,94.87
3676.00,94.81
3675.00,94.74
3674.00,94.64
3673.00,94.52
3672.00,94.37
3671.00,94.16
3670.00,93.93
3669.00,93.76
3668.00,93.64
3667.00,93.51
3666.00,93.37
3665.00,93.21
3664.00,93.04
3663.00,92.87
3662.00,92.71
3661.00,92.55
3660.00,92.42
3659.00,92.29
3658.00,92.15
3657.00,91.96
3656.00,91.74
3655.00,91.56
3654.00,91.42
3653.00,91.29
3652.00,91.10
3651.00,90.84
3650.00,90.58
3649.00,90.43
3648.00,90.36
3647.00,90.24
3646.00,90.08
3645.00,89.91
3644.00,89.73
3643.00,89.54
3642.00,89.37
3641.00,89.24
3640.00,89.14
3639.00,89.06
3638.00,88.94
3637.00,88.80
3636.00,88.62
3635.00,88.44
3634.00,88.28
3633.00,88.18
3632.00,88.14
3631.00,88.11
3630.00,87.97
3629.00,87.64
3628.00,87.25
3627.00,86.97
3626.00,86.79
3625.00,86.64
3624.00,86.50
3623.00,86.37
3622.00,86.28
3621.00,86.23
3620.00,86.16
3619.00,86.02
3618.00,85.84
3617.00,85.69
3616.00,85.60
3615.00,85.51
3614.00,85.38
3613.00,85.19
3612.00,85.00
3611.00,84.84
3610.00,84.67
3609.00,84.47
3608.00,84.26
3607.00,84.09
3606.00,83.98
3605.00,83.88
3604.00,83.76
3603.00,83.60
3602.00,83.40
3601.00,83.19
3600.00,82.99
3599.00,82.85
3598.00,82.76
3597.00,82.67
3596.00,82.55
3595.00,82.40
3594.00,82.24
3593.00,82.10
3592.00,81.95
3591.00,81.80
3590.00,81.61
3589.00,81.40
3588.00,81.17
3587.00,80.95
3586.00,80.78
3585.00,80.64
3584.00,80.50
3583.00,80.33
3582.00,80.13
3581.00,79.90
3580.00,79.69
3579.00,79.55
3578.00,79.47
3577.00,79.37
3576.00,79.21
3575.00,79.01
3574.00,78.81
3573.00,78.65
3572.00,78.55
3571.00,78.50
3570.00,78.44
3569.00,78.32
3568.00,78.06
3567.00,77.71
3566.00,77.38
3565.00,77.18
3564.00,77.04
3563.00,76.92
3562.00,76.79
3561.00,76.64
3560.00,76.51
3559.00,76.37
3558.00,76.21
3557.00,76.01
3556.00,75.78
3555.00,75.58
3554.00,75.42
3553.00,75.31
3552.00,75.21
3551.00,75.09
3550.00,74.90
3549.00,74.66
3548.00,74.41
3547.00,74.20
3546.00,74.03
3545.00,73.90
3544.00,73.76
3543.00,73.62
3542.00,73.49
3541.00,73.37
3540.00,73.23
3539.00,73.09
3538.00,72.95
3537.00,72.83
3536.00,72.72
3535.00,72.59
3534.00,72.42
3533.00,72.22
3532.00,72.01
3531.00,71.80
3530.00,71.61
3529.00,71.44
3528.00,71.30
3527.00,71.16
3526.00,71.01
3525.00,70.81
3524.00,70.58
3523.00,70.37
3522.00,70.22
3521.00,70.11
3520.00,69.99
3519.00,69.83
3518.00,69.63
3517.00,69.43
3516.00,69.25
3515.00,69.11
3514.00,68.99
3513.00,68.86
3512.00,68.71
3511.00,68.55
3510.00,68.41
3509.00,68.29
3508.00,68.19
3507.00,68.08
3506.00,67.93
3505.00,67.71
3504.00,67.44
3503.00,67.18
3502.00,66.97
3501.00,66.82
3500.00,66.70
3499.00,66.59
3498.00,66.50
3497.00,66.43
3496.00,66.35
3495.00,66.23
3494.00,66.06
3493.00,65.85
3492.00,65.61
3491.00,65.36
3490.00,65.13
3489.00,64.92
3488.00,64.74
3487.00,64.60
3486.00,64.47
3485.00,64.37
3484.00,64.31
3483.00,64.28
3482.00,64.26
3481.00,64.21
3480.00,64.12
3479.00,63.99
3478.00,63.83
3477.00,63.63
3476.00,63.40
3475.00,63.19
3474.00,63.02
3473.00,62.92
3472.00,62.82
3471.00,62.68
3470.00,62.48
3469.00,62.24
3468.00,62.03
3467.00,61.85
3466.00,61.70
3465.00,61.56
3464.00,61.42
3463.00,61.28
3462.00,61.15
3461.00,61.04
3460.00,60.96
3459.00,60.90
3458.00,60.82
3457.00,60.68
3456.00,60.50
3455.00,60.30
3454.00,60.13
3453.00,59.98
3452.00,59.84
3451.00,59.71
3450.00,59.57
3449.00,59.43
3448.00,59.30
3447.00,59.17
3446.00,59.06
3445.00,58.92
3444.00,58.75
3443.00,58.54
3442.00,58.35
3441.00,58.19
3440.00,58.07
3439.00,57.94
3438.00,57.81
3437.00,57.68
3436.00,57.59
3435.00,57.52
3434.00,57.46
3433.00,57.40
3432.00,57.33
3431.00,57.25
3430.00,57.15
3429.00,57.02
3428.00,56.88
3427.00,56.75
3426.00,56.62
3425.00,56.50
3424.00,56.38
3423.00,56.28
3422.00,56.20
3421.00,56.14
3420.00,56.07
3419.00,55.97
3418.00,55.84
3417.00,55.68
3416.00,55.49
3415.00,55.30
3414.00,55.12
3413.00,55.01
3412.00,54.96
3411.00,54.93
3410.00,54.88
3409.00,54.77
3408.00,54.61
3407.00,54.46
3406.00,54.34
3405.00,54.25
3404.00,54.16
3403.00,54.05
3402.00,53.93
3401.00,53.82
3400.00,53.75
3399.00,53.71
3398.00,53.66
3397.00,53.58
3396.00,53.51
3395.00,53.46
3394.00,53.43
3393.00,53.37
3392.00,53.27
3391.00,53.17
3390.00,53.09
3389.00,53.04
3388.00,53.04
3387.00,53.05
3386.00,53.03
3385.00,52.94
3384.00,52.78
3383.00,52.61
3382.00,52.49
3381.00,52.44
3380.00,52.41
3379.00,52.38
3378.00,52.32
3377.00,52.27
3376.00,52.25
3375.00,52.24
3374.00,52.18
3373.00,52.05
3372.00,51.89
3371.00,51.76
3370.00,51.68
3369.00,51.65
3368.00,51.64
3367.00,51.64
3366.00,51.66
3365.00,51.67
3364.00,51.65
3363.00,51.62
3362.00,51.58
3361.00,51.57
3360.00,51.58
3359.00,51.57
3358.00,51.54
3357.00,51.46
3356.00,51.38
3355.00,51.33
3354.00,51.33
3353.00,51.35
3352.00,51.39
3351.00,51.41
3350.00,51.41
3349.00,51.36
3348.00,51.29
3347.00,51.23
3346.00,51.20
3345.00,51.20
3344.00,51.21
3343.00,51.20
3342.00,51.18
3341.00,51.15
3340.00,51.13
3339.00,51.11
3338.00,51.10
3337.00,51.09
3336.00,51.06
3335.00,51.04
3334.00,51.04
3333.00,51.09
3332.00,51.14
3331.00,51.16
3330.00,51.15
3329.00,51.10
3328.00,51.05
3327.00,51.00
3326.00,50.96
3325.00,50.93
3324.00,50.88
3323.00,50.84
3322.00,50.83
3321.00,50.89
3320.00,50.97
3319.00,51.02
3318.00,51.01
3317.00,50.96
3316.00,50.89
3315.00,50.84
3314.00,50.80
3313.00,50.77
3312.00,50.73
3311.00,50.70
3310.00,50.68
3309.00,50.67
3308.00,50.64
3307.00,50.62
3306.00,50.60
3305.00,50.58
3304.00,50.57
3303.00,50.58
3302.00,50.61
3301.00,50.67
3300.00,50.72
3299.00,50.72
3298.00,50.70
3297.00,50.67
3296.00,50.66
3295.00,50.65
3294.00,50.62
3293.00,50.58
3292.00,50.52
3291.00,50.46
3290.00,50.42
3289.00,50.40
3288.00,50.38
3287.00,50.36
3286.00,50.36
3285.00,50.37
3284.00,50.39
3283.00,50.38
3282.00,50.34
3281.00,50.29
3280.00,50.26
3279.00,50.27
3278.00,50.30
3277.00,50.34
3276.00,50.38
3275.00,50.43
3274.00,50.49
3273.00,50.55
3272.00,50.59
3271.00,50.60
3270.00,50.59
3269.00,50.56
3268.00,50.50
3267.00,50.43
3266.00,50.40
3265.00,50.44
3264.00,50.54
3263.00,50.63
3262.00,50.67
3261.00,50.67
3260.00,50.66
3259.00,50.66
3258.00,50.67
3257.00,50.68
3256.00,50.70
3255.00,50.73
3254.00,50.76
3253.00,50.80
3252.00,50.83
3251.00,50.84
3250.00,50.83
3249.00,50.80
3248.00,50.76
3247.00,50.74
3246.00,50.77
3245.00,50.85
3244.00,50.97
3243.00,51.06
3242.00,51.11
3241.00,51.12
3240.00,51.14
3239.00,51.19
3238.00,51.24
3237.00,51.29
3236.00,51.35
3235.00,51.40
3234.00,51.44
3233.00,51.46
3232.00,51.47
3231.00,51.49
3230.00,51.54
3229.00,51.60
3228.00,51.67
3227.00,51.72
3226.00,51.78
3225.00,51.86
3224.00,51.95
3223.00,52.04
3222.00,52.12
3221.00,52.19
3220.00,52.25
3219.00,52.31
3218.00,52.37
3217.00,52.47
3216.00,52.59
3215.00,52.69
3214.00,52.76
3213.00,52.79
3212.00,52.82
3211.00,52.89
3210.00,52.99
3209.00,53.11
3208.00,53.23
3207.00,53.34
3206.00,53.46
3205.00,53.56
3204.00,53.64
3203.00,53.72
3202.00,53.80
3201.00,53.86
3200.00,53.93
3199.00,54.02
3198.00,54.15
3197.00,54.30
3196.00,54.44
3195.00,54.55
3194.00,54.64
3193.00,54.74
3192.00,54.85
3191.00,54.96
3190.00,55.07
3189.00,55.19
3188.00,55.34
3187.00,55.49
3186.00,55.65
3185.00,55.80
3184.00,55.94
3183.00,56.08
3182.00,56.24
3181.00,56.42
3180.00,56.62
3179.00,56.81
3178.00,56.96
3177.00,57.05
3176.00,57.09
3175.00,57.13
3174.00,57.22
3173.00,57.37
3172.00,57.56
3171.00,57.73
3170.00,57.88
3169.00,58.02
3168.00,58.17
3167.00,58.34
3166.00,58.50
3165.00,58.66
3164.00,58.80
3163.00,58.96
3162.00,59.16
3161.00,59.38
3160.00,59.61
3159.00,59.81
3158.00,59.96
3157.00,60.08
3156.00,60.22
3155.00,60.38
3154.00,60.55
3153.00,60.69
3152.00,60.82
3151.00,60.96
3150.00,61.12
3149.00,61.28
3148.00,61.43
3147.00,61.55
3146.00,61.70
3145.00,61.90
3144.00,62.13
3143.00,62.35
3142.00,62.52
3141.00,62.68
3140.00,62.84
3139.00,63.03
3138.00,63.23
3137.00,63.38
3136.00,63.47
3135.00,63.53
3134.00,63.61
3133.00,63.77
3132.00,64.00
3131.00,64.24
3130.00,64.46
3129.00,64.62
3128.00,64.73
3127.00,64.82
3126.00,64.93
3125.00,65.07
3124.00,65.24
3123.00,65.42
3122.00,65.58
3121.00,65.72
3120.00,65.86
3119.00,65.99
3118.00,66.15
3117.00,66.35
3116.00,66.58
3115.00,66.79
3114.00,66.96
3113.00,67.08
3112.00,67.17
3111.00,67.26
3110.00,67.37
3109.00,67.52
3108.00,67.68
3107.00,67.86
3106.00,68.04
3105.00,68.21
3104.00,68.36
3103.00,68.50
3102.00,68.63
3101.00,68.77
3100.00,68.91
3099.00,69.04
3098.00,69.17
3097.00,69.31
3096.00,69.48
3095.00,69.65
3094.00,69.82
3093.00,69.95
3092.00,70.04
3091.00,70.11
3090.00,70.18
3089.00,70.28
3088.00,70.42
3087.00,70.61
3086.00,70.79
3085.00,70.95
3084.00,71.08
3083.00,71.22
3082.00,71.37
3081.00,71.51
3080.00,71.62
3079.00,71.68
3078.00,71.72
3077.00,71.79
3076.00,71.92
3075.00,72.11
3074.00,72.30
3073.00,72.43
3072.00,72.52
3071.00,72.60
3070.00,72.71
3069.00,72.87
3068.00,73.04
3067.00,73.18
3066.00,73.28
3065.00,73.37
3064.00,73.48
3063.00,73.62
3062.00,73.79
3061.00,73.96
3060.00,74.09
3059.00,74.20
3058.00,74.30
3057.00,74.42
3056.00,74.56
3055.00,74.73
3054.00,74.87
3053.00,74.99
3052.00,75.08
3051.00,75.19
3050.00,75.34
3049.00,75.53
3048.00,75.73
3047.00,75.90
3046.00,76.04
3045.00,76.16
3044.00,76.28
3043.00,76.42
3042.00,76.59
3041.00,76.80
3040.00,77.01
3039.00,77.20
3038.00,77.36
3037.00,77.48
3036.00,77.56
3035.00,77.64
3034.00,77.73
3033.00,77.85
3032.00,78.01
3031.00,78.16
3030.00,78.30
3029.00,78.41
3028.00,78.52
3027.00,78.63
3026.00,78.75
3025.00,78.88
3024.00,79.03
3023.00,79.18
3022.00,79.32
3021.00,79.41
3020.00,79.48
3019.00,79.55
3018.00,79.67
3017.00,79.84
3016.00,80.05
3015.00,80.25
3014.00,80.40
3013.00,80.48
3012.00,80.52
3011.00,80.58
3010.00,80.68
3009.00,80.80
3008.00,80.91
3007.00,81.00
3006.00,81.07
3005.00,81.15
3004.00,81.25
3003.00,81.37
3002.00,81.48
3001.00,81.56
3000.00,81.63
2999.00,81.71
2998.00,81.80
2997.00,81.88
2996.00,81.95
2995.00,82.00
2994.00,82.04
2993.00,82.07
2992.00,82.10
2991.00,82.13
2990.00,82.19
2989.00,82.26
2988.00,82.33
2987.00,82.39
2986.00,82.45
2985.00,82.50
2984.00,82.54
2983.00,82.56
2982.00,82.58
2981.00,82.59
2980.00,82.58
2979.00,82.55
2978.00,82.56
2977.00,82.62
2976.00,82.71
2975.00,82.77
2974.00,82.78
2973.00,82.76
2972.00,82.76
2971.00,82.81
2970.00,82.88
2969.00,82.94
2968.00,82.97
2967.00,82.97
2966.00,82.99
2965.00,83.03
2964.00,83.10
2963.00,83.18
2962.00,83.25
2961.00,83.34
2960.00,83.45
2959.00,83.58
2958.00,83.70
2957.00,83.79
2956.00,83.84
2955.00,83.86
2954.00,83.88
2953.00,83.93
2952.00,84.00
2951.00,84.04
2950.00,84.06
2949.00,84.09
2948.00,84.15
2947.00,84.26
2946.00,84.39
2945.00,84.49
2944.00,84.52
2943.00,84.50
2942.00,84.46
2941.00,84.46
2940.00,84.51
2939.00,84.58
2938.00,84.65
2937.00,84.71
2936.00,84.76
2935.00,84.82
2934.00,84.88
2933.00,84.97
2932.00,85.08
2931.00,85.17
2930.00,85.21
2929.00,85.20
2928.00,85.18
2927.00,85.19
2926.00,85.25
2925.00,85.32
2924.00,85.40
2923.00,85.51
2922.00,85.64
2921.00,85.77
2920.00,85.87
2919.00,85.91
2918.00,85.92
2917.00,85.93
2916.00,86.00
2915.00,86.13
2914.00,86.31
2913.00,86.50
2912.00,86.66
2911.00,86.78
2910.00,86.88
2909.00,86.99
2908.00,87.10
2907.00,87.19
2906.00,87.24
2905.00,87.29
2904.00,87.34
2903.00,87.43
2902.00,87.51
2901.00,87.58
2900.00,87.62
2899.00,87.66
2898.00,87.70
2897.00,87.77
2896.00,87.86
2895.00,87.95
2894.00,88.03
2893.00,88.09
2892.00,88.12
2891.00,88.14
2890.00,88.18
2889.00,88.24
2888.00,88.33
2887.00,88.41
2886.00,88.46
2885.00,88.47
2884.00,88.46
2883.00,88.46
2882.00,88.48
2881.00,88.52
2880.00,88.59
2879.00,88.69
2878.00,88.80
2877.00,88.87
2876.00,88.90
2875.00,88.93
2874.00,88.98
2873.00,89.04
2872.00,89.09
2871.00,89.11
2870.00,89.13
2869.00,89.17
2868.00,89.25
2867.00,89.35
2866.00,89.45
2865.00,89.53
2864.00,89.60
2863.00,89.67
2862.00,89.75
2861.00,89.81
2860.00,89.85
2859.00,89.85
2858.00,89.84
2857.00,89.84
2856.00,89.87
2855.00,89.92
2854.00,90.00
2853.00,90.10
2852.00,90.18
2851.00,90.24
2850.00,90.25
2849.00,90.27
2848.00,90.31
2847.00,90.37
2846.00,90.44
2845.00,90.49
2844.00,90.55
2843.00,90.63
2842.00,90.72
2841.00,90.81
2840.00,90.86
2839.00,90.88
2838.00,90.87
2837.00,90.87
2836.00,90.91
2835.00,90.98
2834.00,91.07
2833.00,91.13
2832.00,91.17
2831.00,91.19
2830.00,91.20
2829.00,91.22
2828.00,91.26
2827.00,91.32
2826.00,91.40
2825.00,91.48
2824.00,91.54
2823.00,91.55
2822.00,91.52
2821.00,91.48
2820.00,91.46
2819.00,91.49
2818.00,91.56
2817.00,91.63
2816.00,91.69
2815.00,91.73
2814.00,91.79
2813.00,91.88
2812.00,91.95
2811.00,91.98
2810.00,91.97
2809.00,91.94
2808.00,91.94
2807.00,91.97
2806.00,92.01
2805.00,92.04
2804.00,92.08
2803.00,92.09
2802.00,92.10
2801.00,92.08
2800.00,92.09
2799.00,92.13
2798.00,92.20
2797.00,92.27
2796.00,92.32
2795.00,92.35
2794.00,92.37
2793.00,92.38
2792.00,92.40
2791.00,92.44
2790.00,92.48
2789.00,92.52
2788.00,92.55
2787.00,92.58
2786.00,92.61
2785.00,92.64
2784.00,92.66
2783.00,92.66
2782.00,92.63
2781.00,92.60
2780.00,92.57
2779.00,92.56
2778.00,92.56
2777.00,92.57
2776.00,92.62
2775.00,92.71
2774.00,92.81
2773.00,92.89
2772.00,92.93
2771.00,92.97
2770.00,93.00
2769.00,93.03
2768.00,93.05
2767.00,93.06
2766.00,93.08
2765.00,93.09
2764.00,93.09
2763.00,93.09
2762.00,93.10
2761.00,93.12
2760.00,93.15
2759.00,93.19
2758.00,93.24
2757.00,93.29
2756.00,93.34
2755.00,93.36
2754.00,93.36
2753.00,93.35
2752.00,93.35
2751.00,93.36
2750.00,93.37
2749.00,93.38
2748.00,93.35
2747.00,93.31
2746.00,93.29
2745.00,93.30
2744.00,93.35
2743.00,93.43
2742.00,93.52
2741.00,93.59
2740.00,93.61
2739.00,93.61
2738.00,93.60
2737.00,93.60
2736.00,93.61
2735.00,93.65
2734.00,93.70
2733.00,93.75
2732.00,93.80
2731.00,93.82
2730.00,93.81
2729.00,93.78
2728.00,93.75
2727.00,93.75
2726.00,93.75
2725.00,93.75
2724.00,93.74
2723.00,93.74
2722.00,93.76
2721.00,93.82
2720.00,93.90
2719.00,93.97
2718.00,94.01
2717.00,94.04
2716.00,94.06
2715.00,94.06
2714.00,94.05
2713.00,94.03
2712.00,94.01
2711.00,94.00
2710.00,94.01
2709.00,94.03
2708.00,94.05
2707.00,94.07
2706.00,94.09
2705.00,94.11
2704.00,94.12
2703.00,94.13
2702.00,94.14
2701.00,94.15
2700.00,94.16
2699.00,94.17
2698.00,94.16
2697.00,94.15
2696.00,94.18
2695.00,94.24
2694.00,94.31
2693.00,94.35
2692.00,94.35
2691.00,94.33
2690.00,94.31
2689.00,94.28
2688.00,94.26
2687.00,94.26
2686.00,94.25
2685.00,94.26
2684.00,94.28
2683.00,94.30
2682.00,94.31
2681.00,94.29
2680.00,94.25
2679.00,94.22
2678.00,94.22
2677.00,94.24
2676.00,94.26
2675.00,94.29
2674.00,94.31
2673.00,94.32
2672.00,94.33
2671.00,94.32
2670.00,94.31
2669.00,94.31
2668.00,94.33
2667.00,94.36
2666.00,94.38
2665.00,94.40
2664.00,94.43
2663.00,94.46
2662.00,94.48
2661.00,94.51
2660.00,94.54
2659.00,94.56
2658.00,94.56
2657.00,94.52
2656.00,94.45
2655.00,94.41
2654.00,94.39
2653.00,94.40
2652.00,94.40
2651.00,94.41
2650.00,94.42
2649.00,94.46
2648.00,94.49
2647.00,94.48
2646.00,94.45
2645.00,94.43
2644.00,94.45
2643.00,94.51
2642.00,94.56
2641.00,94.56
2640.00,94.51
2639.00,94.46
2638.00,94.42
2637.00,94.41
2636.00,94.43
2635.00,94.45
2634.00,94.48
2633.00,94.50
2632.00,94.52
2631.00,94.55
2630.00,94.57
2629.00,94.59
2628.00,94.61
2627.00,94.65
2626.00,94.70
2625.00,94.73
2624.00,94.74
2623.00,94.73
2622.00,94.69
2621.00,94.63
2620.00,94.58
2619.00,94.56
2618.00,94.57
2617.00,94.58
2616.00,94.58
2615.00,94.57
2614.00,94.58
2613.00,94.61
2612.00,94.67
2611.00,94.73
2610.00,94.75
2609.00,94.74
2608.00,94.71
2607.00,94.69
2606.00,94.68
2605.00,94.69
2604.00,94.73
2603.00,94.79
2602.00,94.83
2601.00,94.83
2600.00,94.76
2599.00,94.68
2598.00,94.60
2597.00,94.56
2596.00,94.57
2595.00,94.63
2594.00,94.71
2593.00,94.77
2592.00,94.80
2591.00,94.81
2590.00,94.83
2589.00,94.86
2588.00,94.89
2587.00,94.92
2586.00,94.91
2585.00,94.89
2584.00,94.86
2583.00,94.83
2582.00,94.82
2581.00,94.83
2580.00,94.85
2579.00,94.86
2578.00,94.85
2577.00,94.85
2576.00,94.88
2575.00,94.93
2574.00,94.94
2573.00,94.90
2572.00,94.85
2571.00,94.82
2570.00,94.82
2569.00,94.84
2568.00,94.86
2567.00,94.90
2566.00,94.93
2565.00,94.94
2564.00,94.92
2563.00,94.91
2562.00,94.90
2561.00,94.89
2560.00,94.89
2559.00,94.88
2558.00,94.87
2557.00,94.84
2556.00,94.82
2555.00,94.85
2554.00,94.92
2553.00,94.98
2552.00,95.02
2551.00,95.00
2550.00,94.96
2549.00,94.92
2548.00,94.91
2547.00,94.93
2546.00,94.94
2545.00,94.92
2544.00,94.88
2543.00,94.89
2542.00,94.96
2541.00,95.05
2540.00,95.12
2539.00,95.15
2538.00,95.11
2537.00,95.04
2536.00,94.95
2535.00,94.88
2534.00,94.85
2533.00,94.86
2532.00,94.88
2531.00,94.91
2530.00,94.94
2529.00,94.95
2528.00,94.94
2527.00,94.92
2526.00,94.90
2525.00,94.89
2524.00,94.91
2523.00,94.94
2522.00,94.96
2521.00,94.97
2520.00,94.96
2519.00,94.93
2518.00,94.90
2517.00,94.86
2516.00,94.84
2515.00,94.87
2514.00,94.91
2513.00,94.93
2512.00,94.92
2511.00,94.87
2510.00,94.83
2509.00,94.81
2508.00,94.81
2507.00,94.84
2506.00,94.89
2505.00,94.91
2504.00,94.91
2503.00,94.89
2502.00,94.88
2501.00,94.85
2500.00,94.81
2499.00,94.79
2498.00,94.81
2497.00,94.87
2496.00,94.95
2495.00,95.00
2494.00,95.00
2493.00,94.95
2492.00,94.92
2491.00,94.96
2490.00,95.05
2489.00,95.13
2488.00,95.16
2487.00,95.14
2486.00,95.11
2485.00,95.06
2484.00,95.03
2483.00,95.02
2482.00,95.04
2481.00,95.06
2480.00,95.07
2479.00,95.07
2478.00,95.05
2477.00,95.01
2476.00,94.96
2475.00,94.94
2474.00,94.95
2473.00,94.96
2472.00,94.94
2471.00,94.91
2470.00,94.89
2469.00,94.89
2468.00,94.91
2467.00,94.94
2466.00,94.97
2465.00,94.99
2464.00,95.00
2463.00,95.00
2462.00,95.00
2461.00,95.01
2460.00,95.02
2459.00,95.05
2458.00,95.09
2457.00,95.13
2456.00,95.15
2455.00,95.14
2454.00,95.11
2453.00,95.05
2452.00,95.00
2451.00,94.98
2450.00,94.98
2449.00,94.98
2448.00,94.98
2447.00,94.97
2446.00,94.96
2445.00,94.97
2444.00,94.97
2443.00,94.96
2442.00,94.96
2441.00,94.95
2440.00,94.93
2439.00,94.88
2438.00,94.84
2437.00,94.82
2436.00,94.85
2435.00,94.89
2434.00,94.93
2433.00,94.94
2432.00,94.95
2431.00,94.95
2430.00,94.96
2429.00,94.97
2428.00,94.96
2427.00,94.94
2426.00,94.94
2425.00,94.97
2424.00,95.01
2423.00,95.04
2422.00,95.04
2421.00,95.00
2420.00,94.96
2419.00,94.93
2418.00,94.89
2417.00,94.86
2416.00,94.85
2415.00,94.88
2414.00,94.92
2413.00,94.95
2412.00,94.95
2411.00,94.93
2410.00,94.92
2409.00,94.91
2408.00,94.92
2407.00,94.95
2406.00,94.96
2405.00,94.92
2404.00,94.86
2403.00,94.81
2402.00,94.79
2401.00,94.79
2400.00,94.81
2399.00,94.83
2398.00,94.84
2397.00,94.84
2396.00,94.86
2395.00,94.90
2394.00,94.92
2393.00,94.90
2392.00,94.87
2391.00,94.83
2390.00,94.81
2389.00,94.80
2388.00,94.81
2387.00,94.85
2386.00,94.89
2385.00,94.91
2384.00,94.91
2383.00,94.90
2382.00,94.87
2381.00,94.82
2380.00,94.76
2379.00,94.73
2378.00,94.74
2377.00,94.75
2376.00,94.77
2375.00,94.82
2374.00,94.89
2373.00,94.90
2372.00,94.83
2371.00,94.71
2370.00,94.62
2369.00,94.62
2368.00,94.73
2367.00,94.89
2366.00,95.01
2365.00,94.98
2364.00,94.84
2363.00,94.70
2362.00,94.64
2361.00,94.61
2360.00,94.54
2359.00,94.47
2358.00,94.46
2357.00,94.51
2356.00,94.54
2355.00,94.50
2354.00,94.42
2353.00,94.38
2352.00,94.42
2351.00,94.51
2350.00,94.59
2349.00,94.59
2348.00,94.54
2347.00,94.47
2346.00,94.45
2345.00,94.49
2344.00,94.58
2343.00,94.64
2342.00,94.61
2341.00,94.52
2340.00,94.43
2339.00,94.42
2338.00,94.50
2337.00,94.59
2336.00,94.62
2335.00,94.59
2334.00,94.53
2333.00,94.46
2332.00,94.40
2331.00,94.37
2330.00,94.37
2329.00,94.38
2328.00,94.37
2327.00,94.35
2326.00,94.31
2325.00,94.25
2324.00,94.21
2323.00,94.20
2322.00,94.22
2321.00,94.24
2320.00,94.26
2319.00,94.26
2318.00,94.22
2317.00,94.15
2316.00,94.09
2315.00,94.07
2314.00,94.12
2313.00,94.20
2312.00,94.28
2311.00,94.33
2310.00,94.33
2309.00,94.30
2308.00,94.27
2307.00,94.25
2306.00,94.23
2305.00,94.18
2304.00,94.13
2303.00,94.11
2302.00,94.12
2301.00,94.14
2300.00,94.17
2299.00,94.17
2298.00,94.14
2297.00,94.09
2296.00,94.06
2295.00,94.06
2294.00,94.08
2293.00,94.08
2292.00,94.06
2291.00,94.04
2290.00,94.02
2289.00,93.96
2288.00,93.87
2287.00,93.78
2286.00,93.74
2285.00,93.75
2284.00,93.79
2283.00,93.82
2282.00,93.82
2281.00,93.80
2280.00,93.76
2279.00,93.75
2278.00,93.76
2277.00,93.78
2276.00,93.79
2275.00,93.79
2274.00,93.77
2273.00,93.73
2272.00,93.69
2271.00,93.71
2270.00,93.79
2269.00,93.90
2268.00,93.99
2267.00,94.04
2266.00,94.02
2265.00,93.92
2264.00,93.78
2263.00,93.65
2262.00,93.56
2261.00,93.50
2260.00,93.45
2259.00,93.43
2258.00,93.45
2257.00,93.50
2256.00,93.58
2255.00,93.63
2254.00,93.60
2253.00,93.50
2252.00,93.39
2251.00,93.36
2250.00,93.42
2249.00,93.49
2248.00,93.51
2247.00,93.48
2246.00,93.41
2245.00,93.37
2244.00,93.38
2243.00,93.47
2242.00,93.57
2241.00,93.64
2240.00,93.67
2239.00,93.70
2238.00,93.74
2237.00,93.73
2236.00,93.65
2235.00,93.54
2234.00,93.45
2233.00,93.38
2232.00,93.36
2231.00,93.39
2230.00,93.48
2229.00,93.51
2228.00,93.42
2227.00,93.24
2226.00,93.07
2225.00,92.98
2224.00,93.00
2223.00,93.08
2222.00,93.19
2221.00,93.26
2220.00,93.28
2219.00,93.26
2218.00,93.21
2217.00,93.13
2216.00,93.05
2215.00,93.01
2214.00,93.04
2213.00,93.10
2212.00,93.13
2211.00,93.12
2210.00,93.10
2209.00,93.09
2208.00,93.09
2207.00,93.05
2206.00,92.97
2205.00,92.85
2204.00,92.71
2203.00,92.61
2202.00,92.59
2201.00,92.65
2200.00,92.75
2199.00,92.82
2198.00,92.85
2197.00,92.85
2196.00,92.84
2195.00,92.81
2194.00,92.74
2193.00,92.70
2192.00,92.73
2191.00,92.82
2190.00,92.89
2189.00,92.91
2188.00,92.88
2187.00,92.82
2186.00,92.73
2185.00,92.66
2184.00,92.68
2183.00,92.77
2182.00,92.82
2181.00,92.77
2180.00,92.73
2179.00,92.81
2178.00,93.01
2177.00,93.19
2176.00,93.25
2175.00,93.17
2174.00,92.99
2173.00,92.78
2172.00,92.61
2171.00,92.53
2170.00,92.49
2169.00,92.39
2168.00,92.24
2167.00,92.17
2166.00,92.24
2165.00,92.37
2164.00,92.42
2163.00,92.38
2162.00,92.30
2161.00,92.27
2160.00,92.35
2159.00,92.53
2158.00,92.75
2157.00,92.94
2156.00,93.07
2155.00,93.17
2154.00,93.22
2153.00,93.15
2152.00,92.95
2151.00,92.73
2150.00,92.62
2149.00,92.65
2148.00,92.73
2147.00,92.75
2146.00,92.70
2145.00,92.62
2144.00,92.62
2143.00,92.72
2142.00,92.84
2141.00,92.86
2140.00,92.77
2139.00,92.62
2138.00,92.50
2137.00,92.45
2136.00,92.45
2135.00,92.51
2134.00,92.64
2133.00,92.79
2132.00,92.88
2131.00,92.86
2130.00,92.76
2129.00,92.68
2128.00,92.68
2127.00,92.75
2126.00,92.81
2125.00,92.78
2124.00,92.68
2123.00,92.55
2122.00,92.44
2121.00,92.38
2120.00,92.39
2119.00,92.47
2118.00,92.57
2117.00,92.64
2116.00,92.64
2115.00,92.58
2114.00,92.48
2113.00,92.40
2112.00,92.38
2111.00,92.44
2110.00,92.53
2109.00,92.61
2108.00,92.68
2107.00,92.74
2106.00,92.76
2105.00,92.71
2104.00,92.64
2103.00,92.56
2102.00,92.48
2101.00,92.43
2100.00,92.42
2099.00,92.47
2098.00,92.53
2097.00,92.57
2096.00,92.59
2095.00,92.59
2094.00,92.56
2093.00,92.48
2092.00,92.39
2091.00,92.36
2090.00,92.40
2089.00,92.45
2088.00,92.47
2087.00,92.47
2086.00,92.47
2085.00,92.49
2084.00,92.52
2083.00,92.56
2082.00,92.60
2081.00,92.62
2080.00,92.60
2079.00,92.56
2078.00,92.53
2077.00,92.54
2076.00,92.60
2075.00,92.69
2074.00,92.75
2073.00,92.75
2072.00,92.70
2071.00,92.66
2070.00,92.63
2069.00,92.58
2068.00,92.53
2067.00,92.53
2066.00,92.61
2065.00,92.72
2064.00,92.81
2063.00,92.86
2062.00,92.87
2061.00,92.83
2060.00,92.74
2059.00,92.67
2058.00,92.63
2057.00,92.64
2056.00,92.68
2055.00,92.75
2054.00,92.83
2053.00,92.86
2052.00,92.82
2051.00,92.76
2050.00,92.74
2049.00,92.75
2048.00,92.74
2047.00,92.69
2046.00,92.58
2045.00,92.44
2044.00,92.35
2043.00,92.36
2042.00,92.46
2041.00,92.60
2040.00,92.73
2039.00,92.81
2038.00,92.84
2037.00,92.83
2036.00,92.86
2035.00,92.98
2034.00,93.17
2033.00,93.33
2032.00,93.38
2031.00,93.35
2030.00,93.30
2029.00,93.28
2028.00,93.27
2027.00,93.23
2026.00,93.15
2025.00,93.07
2024.00,93.09
2023.00,93.22
2022.00,93.38
2021.00,93.47
2020.00,93.46
2019.00,93.40
2018.00,93.35
2017.00,93.31
2016.00,93.32
2015.00,93.39
2014.00,93.48
2013.00,93.50
2012.00,93.47
2011.00,93.38
2010.00,93.26
2009.00,93.14
2008.00,93.12
2007.00,93.24
2006.00,93.43
2005.00,93.55
2004.00,93.59
2003.00,93.63
2002.00,93.70
2001.00,93.76
2000.00,93.77
1999.00,93.75
1998.00,93.73
1997.00,93.73
1996.00,93.77
1995.00,93.84
1994.00,93.94
1993.00,94.01
1992.00,94.02
1991.00,93.95
1990.00,93.82
1989.00,93.70
1988.00,93.65
1987.00,93.68
1986.00,93.71
1985.00,93.67
1984.00,93.59
1983.00,93.56
1982.00,93.57
1981.00,93.56
1980.00,93.47
1979.00,93.33
1978.00,93.16
1977.00,93.03
1976.00,93.04
1975.00,93.26
1974.00,93.54
1973.00,93.72
1972.00,93.73
1971.00,93.69
1970.00,93.70
1969.00,93.74
1968.00,93.76
1967.00,93.77
1966.00,93.81
1965.00,93.89
1964.00,93.99
1963.00,94.05
1962.00,94.01
1961.00,93.91
1960.00,93.90
1959.00,94.03
1958.00,94.21
1957.00,94.27
1956.00,94.17
1955.00,94.00
1954.00,93.86
1953.00,93.79
1952.00,93.81
1951.00,93.91
1950.00,94.05
1949.00,94.15
1948.00,94.20
1947.00,94.23
1946.00,94.26
1945.00,94.26
1944.00,94.21
1943.00,94.14
1942.00,94.08
1941.00,94.06
1940.00,94.10
1939.00,94.20
1938.00,94.31
1937.00,94.38
1936.00,94.38
1935.00,94.35
1934.00,94.31
1933.00,94.26
1932.00,94.22
1931.00,94.22
1930.00,94.24
1929.00,94.25
1928.00,94.25
1927.00,94.31
1926.00,94.45
1925.00,94.61
1924.00,94.73
1923.00,94.76
1922.00,94.71
1921.00,94.61
1920.00,94.50
1919.00,94.41
1918.00,94.32
1917.00,94.25
1916.00,94.23
1915.00,94.28
1914.00,94.36
1913.00,94.39
1912.00,94.38
1911.00,94.38
1910.00,94.41
1909.00,94.48
1908.00,94.53
1907.00,94.54
1906.00,94.49
1905.00,94.41
1904.00,94.32
1903.00,94.30
1902.00,94.31
1901.00,94.30
1900.00,94.28
1899.00,94.26
1898.00,94.26
1897.00,94.29
1896.00,94.33
1895.00,94.38
1894.00,94.43
1893.00,94.44
1892.00,94.44
1891.00,94.46
1890.00,94.50
1889.00,94.52
1888.00,94.54
1887.00,94.56
1886.00,94.58
1885.00,94.56
1884.00,94.50
1883.00,94.45
1882.00,94.44
1881.00,94.46
1880.00,94.49
1879.00,94.53
1878.00,94.56
1877.00,94.55
1876.00,94.52
1875.00,94.49
1874.00,94.47
1873.00,94.45
1872.00,94.45
1871.00,94.46
1870.00,94.51
1869.00,94.54
1868.00,94.56
1867.00,94.58
1866.00,94.61
1865.00,94.61
1864.00,94.58
1863.00,94.55
1862.00,94.52
1861.00,94.49
1860.00,94.47
1859.00,94.49
1858.00,94.51
1857.00,94.49
1856.00,94.46
1855.00,94.45
1854.00,94.49
1853.00,94.55
1852.00,94.58
1851.00,94.60
1850.00,94.61
1849.00,94.63
1848.00,94.62
1847.00,94.60
1846.00,94.59
1845.00,94.56
1844.00,94.53
1843.00,94.51
1842.00,94.51
1841.00,94.50
1840.00,94.49
1839.00,94.48
1838.00,94.48
1837.00,94.47
1836.00,94.47
1835.00,94.49
1834.00,94.52
1833.00,94.53
1832.00,94.51
1831.00,94.51
1830.00,94.52
1829.00,94.50
1828.00,94.43
1827.00,94.37
1826.00,94.35
1825.00,94.37
1824.00,94.43
1823.00,94.50
1822.00,94.57
1821.00,94.58
1820.00,94.56
1819.00,94.53
1818.00,94.52
1817.00,94.49
1816.00,94.45
1815.00,94.43
1814.00,94.43
1813.00,94.42
1812.00,94.39
1811.00,94.36
1810.00,94.34
1809.00,94.33
1808.00,94.32
1807.00,94.34
1806.00,94.37
1805.00,94.37
1804.00,94.31
1803.00,94.26
1802.00,94.24
1801.00,94.26
1800.00,94.29
1799.00,94.31
1798.00,94.29
1797.00,94.25
1796.00,94.19
1795.00,94.14
1794.00,94.11
1793.00,94.09
1792.00,94.08
1791.00,94.10
1790.00,94.12
1789.00,94.11
1788.00,94.07
1787.00,94.04
1786.00,94.02
1785.00,94.01
1784.00,93.99
1783.00,93.98
1782.00,93.98
1781.00,93.95
1780.00,93.88
1779.00,93.81
1778.00,93.78
1777.00,93.77
1776.00,93.76
1775.00,93.76
1774.00,93.79
1773.00,93.79
1772.00,93.72
1771.00,93.63
1770.00,93.56
1769.00,93.51
1768.00,93.46
1767.00,93.44
1766.00,93.44
1765.00,93.43
1764.00,93.40
1763.00,93.36
1762.00,93.34
1761.00,93.33
1760.00,93.31
1759.00,93.28
1758.00,93.22
1757.00,93.14
1756.00,93.04
1755.00,92.99
1754.00,93.00
1753.00,93.01
1752.00,92.99
1751.00,92.90
1750.00,92.77
1749.00,92.61
1748.00,92.48
1747.00,92.44
1746.00,92.45
1745.00,92.43
1744.00,92.35
1743.00,92.28
1742.00,92.23
1741.00,92.18
1740.00,92.06
1739.00,91.94
1738.00,91.87
1737.00,91.83
1736.00,91.77
1735.00,91.61
1734.00,91.40
1733.00,91.24
1732.00,91.15
1731.00,91.09
1730.00,91.02
1729.00,90.88
1728.00,90.72
1727.00,90.57
1726.00,90.45
1725.00,90.31
1724.00,90.12
1723.00,89.94
1722.00,89.79
1721.00,89.68
1720.00,89.57
1719.00,89.44
1718.00,89.25
1717.00,88.91
1716.00,88.53
1715.00,88.24
1714.00,88.07
1713.00,87.91
1712.00,87.72
1711.00,87.51
1710.00,87.31
1709.00,87.10
1708.00,86.87
1707.00,86.63
1706.00,86.33
1705.00,85.98
1704.00,85.65
1703.00,85.40
1702.00,85.16
1701.00,84.70
1700.00,83.95
1699.00,83.32
1698.00,82.96
1697.00,82.58
1696.00,82.02
1695.00,81.50
1694.00,81.16
1693.00,80.88
1692.00,80.54
1691.00,80.09
1690.00,79.54
1689.00,78.97
1688.00,78.46
1687.00,78.07
1686.00,77.71
1685.00,77.04
1684.00,75.93
1683.00,75.05
1682.00,74.59
1681.00,74.17
1680.00,73.65
1679.00,73.16
1678.00,72.75
1677.00,72.34
1676.00,71.75
1675.00,70.99
1674.00,70.34
1673.00,69.90
1672.00,69.52
1671.00,69.04
1670.00,68.36
1669.00,67.58
1668.00,66.93
1667.00,66.48
1666.00,66.16
1665.00,65.84
1664.00,65.36
1663.00,64.69
1662.00,63.98
1661.00,63.40
1660.00,62.93
1659.00,62.50
1658.00,62.13
1657.00,61.81
1656.00,61.53
1655.00,61.20
1654.00,60.57
1653.00,59.50
1652.00,58.81
1651.00,58.63
1650.00,58.62
1649.00,58.59
1648.00,58.35
1647.00,57.84
1646.00,57.35
1645.00,57.11
1644.00,57.00
1643.00,56.92
1642.00,56.85
1641.00,56.78
1640.00,56.69
1639.00,56.61
1638.00,56.55
1637.00,56.49
1636.00,56.37
1635.00,56.31
1634.00,56.42
1633.00,56.60
1632.00,56.80
1631.00,56.98
1630.00,57.18
1629.00,57.43
1628.00,57.70
1627.00,57.99
1626.00,58.30
1625.00,58.64
1624.00,59.04
1623.00,59.51
1622.00,59.98
1621.00,60.38
1620.00,60.72
1619.00,61.05
1618.00,61.47
1617.00,62.04
1616.00,62.64
1615.00,63.10
1614.00,63.46
1613.00,63.84
1612.00,64.24
1611.00,64.67
1610.00,65.09
1609.00,65.53
1608.00,65.97
1607.00,66.39
1606.00,66.77
1605.00,67.12
1604.00,67.47
1603.00,67.81
1602.00,68.11
1601.00,68.39
1600.00,68.69
1599.00,68.99
1598.00,69.28
1597.00,69.55
1596.00,69.80
1595.00,70.01
1594.00,70.19
1593.00,70.34
1592.00,70.49
1591.00,70.63
1590.00,70.74
1589.00,70.82
1588.00,70.89
1587.00,70.92
1586.00,70.91
1585.00,70.86
1584.00,70.80
1583.00,70.73
1582.00,70.64
1581.00,70.54
1580.00,70.48
1579.00,70.42
1578.00,70.32
1577.00,70.08
1576.00,69.73
1575.00,69.43
1574.00,69.27
1573.00,69.18
1572.00,69.11
1571.00,68.96
1570.00,68.64
1569.00,68.26
1568.00,68.00
1567.00,67.82
1566.00,67.61
1565.00,67.36
1564.00,67.14
1563.00,67.03
1562.00,67.01
1561.00,67.04
1560.00,66.93
1559.00,66.20
1558.00,65.36
1557.00,65.09
1556.00,64.99
1555.00,64.84
1554.00,64.63
1553.00,64.47
1552.00,64.35
1551.00,64.21
1550.00,63.99
1549.00,63.78
1548.00,63.66
1547.00,63.62
1546.00,63.61
1545.00,63.60
1544.00,63.60
1543.00,63.61
1542.00,63.60
1541.00,63.50
1540.00,63.32
1539.00,63.20
1538.00,63.21
1537.00,63.30
1536.00,63.41
1535.00,63.50
1534.00,63.58
1533.00,63.66
1532.00,63.79
1531.00,63.94
1530.00,64.09
1529.00,64.27
1528.00,64.48
1527.00,64.70
1526.00,64.92
1525.00,65.13
1524.00,65.35
1523.00,65.58
1522.00,65.89
1521.00,66.26
1520.00,66.59
1519.00,66.89
1518.00,67.22
1517.00,67.63
1516.00,68.05
1515.00,68.40
1514.00,68.73
1513.00,69.09
1512.00,69.47
1511.00,69.86
1510.00,70.23
1509.00,70.63
1508.00,71.14
1507.00,71.81
1506.00,72.38
1505.00,72.74
1504.00,73.01
1503.00,73.28
1502.00,73.58
1501.00,73.91
1500.00,74.23
1499.00,74.54
1498.00,74.87
1497.00,75.23
1496.00,75.55
1495.00,75.79
1494.00,76.01
1493.00,76.24
1492.00,76.47
1491.00,76.69
1490.00,76.94
1489.00,77.17
1488.00,77.34
1487.00,77.48
1486.00,77.63
1485.00,77.77
1484.00,77.88
1483.00,77.96
1482.00,78.03
1481.00,78.10
1480.00,78.15
1479.00,78.20
1478.00,78.26
1477.00,78.30
1476.00,78.27
1475.00,78.16
1474.00,78.01
1473.00,77.81
1472.00,77.61
1471.00,77.51
1470.00,77.50
1469.00,77.51
1468.00,77.51
1467.00,77.46
1466.00,77.39
1465.00,77.27
1464.00,77.13
1463.00,77.04
1462.00,77.01
1461.00,77.00
1460.00,76.95
1459.00,76.83
1458.00,76.57
1457.00,76.20
1456.00,75.98
1455.00,75.95
1454.00,75.98
1453.00,76.00
1452.00,75.99
1451.00,75.97
1450.00,75.97
1449.00,75.96
1448.00,75.92
1447.00,75.87
1446.00,75.84
1445.00,75.84
1444.00,75.85
1443.00,75.85
1442.00,75.86
1441.00,75.88
1440.00,75.91
1439.00,75.95
1438.00,75.99
1437.00,76.01
1436.00,75.99
1435.00,75.98
1434.00,76.00
1433.00,76.03
1432.00,76.03
1431.00,75.98
1430.00,75.88
1429.00,75.75
1428.00,75.61
1427.00,75.49
1426.00,75.38
1425.00,75.23
1424.00,75.04
1423.00,74.87
1422.00,74.76
1421.00,74.69
1420.00,74.55
1419.00,74.29
1418.00,73.99
1417.00,73.75
1416.00,73.57
1415.00,73.43
1414.00,73.32
1413.00,73.21
1412.00,73.06
1411.00,72.89
1410.00,72.74
1409.00,72.60
1408.00,72.49
1407.00,72.37
1406.00,72.24
1405.00,72.08
1404.00,71.93
1403.00,71.84
1402.00,71.83
1401.00,71.83
1400.00,71.83
1399.00,71.84
1398.00,71.89
1397.00,71.94
1396.00,72.00
1395.00,72.06
1394.00,72.15
1393.00,72.26
1392.00,72.39
1391.00,72.53
1390.00,72.67
1389.00,72.81
1388.00,72.95
1387.00,73.11
1386.00,73.29
1385.00,73.45
1384.00,73.60
1383.00,73.76
1382.00,73.93
1381.00,74.11
1380.00,74.30
1379.00,74.49
1378.00,74.66
1377.00,74.81
1376.00,74.96
1375.00,75.13
1374.00,75.30
1373.00,75.44
1372.00,75.55
1371.00,75.67
1370.00,75.79
1369.00,75.92
1368.00,76.04
1367.00,76.15
1366.00,76.24
1365.00,76.34
1364.00,76.43
1363.00,76.51
1362.00,76.57
1361.00,76.60
1360.00,76.64
1359.00,76.69
1358.00,76.74
1357.00,76.77
1356.00,76.79
1355.00,76.80
1354.00,76.82
1353.00,76.84
1352.00,76.87
1351.00,76.89
1350.00,76.93
1349.00,76.96
1348.00,77.01
1347.00,77.05
1346.00,77.08
1345.00,77.10
1344.00,77.14
1343.00,77.19
1342.00,77.26
1341.00,77.33
1340.00,77.36
1339.00,77.36
1338.00,77.35
1337.00,77.38
1336.00,77.44
1335.00,77.51
1334.00,77.56
1333.00,77.57
1332.00,77.57
1331.00,77.57
1330.00,77.59
1329.00,77.61
1328.00,77.63
1327.00,77.61
1326.00,77.57
1325.00,77.52
1324.00,77.47
1323.00,77.46
1322.00,77.45
1321.00,77.44
1320.00,77.41
1319.00,77.37
1318.00,77.36
1317.00,77.38
1316.00,77.41
1315.00,77.45
1314.00,77.48
1313.00,77.51
1312.00,77.56
1311.00,77.62
1310.00,77.67
1309.00,77.72
1308.00,77.77
1307.00,77.83
1306.00,77.90
1305.00,77.99
1304.00,78.08
1303.00,78.14
1302.00,78.19
1301.00,78.22
1300.00,78.26
1299.00,78.31
1298.00,78.37
1297.00,78.43
1296.00,78.49
1295.00,78.55
1294.00,78.63
1293.00,78.69
1292.00,78.74
1291.00,78.78
1290.00,78.82
1289.00,78.86
1288.00,78.90
1287.00,78.93
1286.00,78.96
1285.00,79.00
1284.00,79.04
1283.00,79.08
1282.00,79.12
1281.00,79.16
1280.00,79.19
1279.00,79.22
1278.00,79.26
1277.00,79.30
1276.00,79.35
1275.00,79.40
1274.00,79.43
1273.00,79.45
1272.00,79.46
1271.00,79.47
1270.00,79.50
1269.00,79.52
1268.00,79.53
1267.00,79.52
1266.00,79.50
1265.00,79.49
1264.00,79.48
1263.00,79.48
1262.00,79.47
1261.00,79.43
1260.00,79.37
1259.00,79.31
1258.00,79.25
1257.00,79.19
1256.00,79.11
1255.00,79.01
1254.00,78.91
1253.00,78.83
1252.00,78.78
1251.00,78.72
1250.00,78.63
1249.00,78.52
1248.00,78.41
1247.00,78.32
1246.00,78.25
1245.00,78.17
1244.00,78.09
1243.00,78.02
1242.00,78.00
1241.00,78.01
1240.00,78.03
1239.00,78.03
1238.00,78.03
1237.00,78.05
1236.00,78.08
1235.00,78.13
1234.00,78.19
1233.00,78.26
1232.00,78.33
1231.00,78.41
1230.00,78.48
1229.00,78.54
1228.00,78.60
1227.00,78.67
1226.00,78.76
1225.00,78.87
1224.00,78.98
1223.00,79.07
1222.00,79.14
1221.00,79.20
1220.00,79.26
1219.00,79.33
1218.00,79.42
1217.00,79.52
1216.00,79.61
1215.00,79.71
1214.00,79.82
1213.00,79.93
1212.00,80.06
1211.00,80.17
1210.00,80.28
1209.00,80.38
1208.00,80.48
1207.00,80.60
1206.00,80.72
1205.00,80.83
1204.00,80.95
1203.00,81.06
1202.00,81.17
1201.00,81.28
1200.00,81.36
1199.00,81.44
1198.00,81.53
1197.00,81.62
1196.00,81.71
1195.00,81.77
1194.00,81.81
1193.00,81.85
1192.00,81.89
1191.00,81.94
1190.00,81.99
1189.00,82.04
1188.00,82.08
1187.00,82.13
1186.00,82.17
1185.00,82.20
1184.00,82.22
1183.00,82.22
1182.00,82.22
1181.00,82.21
1180.00,82.19
1179.00,82.15
1178.00,82.09
1177.00,82.04
1176.00,82.00
1175.00,81.97
1174.00,81.95
1173.00,81.94
1172.00,81.92
1171.00,81.88
1170.00,81.82
1169.00,81.75
1168.00,81.68
1167.00,81.62
1166.00,81.57
1165.00,81.53
1164.00,81.50
1163.00,81.47
1162.00,81.42
1161.00,81.36
1160.00,81.31
1159.00,81.27
1158.00,81.21
1157.00,81.12
1156.00,81.03
1155.00,80.95
1154.00,80.88
1153.00,80.82
1152.00,80.75
1151.00,80.67
1150.00,80.58
1149.00,80.50
1148.00,80.41
1147.00,80.31
1146.00,80.18
1145.00,80.04
1144.00,79.89
1143.00,79.74
1142.00,79.57
1141.00,79.41
1140.00,79.26
1139.00,79.13
1138.00,79.00
1137.00,78.84
1136.00,78.64
1135.00,78.43
1134.00,78.22
1133.00,78.02
1132.00,77.82
1131.00,77.62
1130.00,77.39
1129.00,77.16
1128.00,76.95
1127.00,76.78
1126.00,76.63
1125.00,76.48
1124.00,76.31
1123.00,76.13
1122.00,75.96
1121.00,75.81
1120.00,75.66
1119.00,75.51
1118.00,75.36
1117.00,75.20
1116.00,75.04
1115.00,74.89
1114.00,74.76
1113.00,74.63
1112.00,74.49
1111.00,74.34
1110.00,74.18
1109.00,74.02
1108.00,73.85
1107.00,73.70
1106.00,73.57
1105.00,73.46
1104.00,73.34
1103.00,73.17
1102.00,72.98
1101.00,72.79
1100.00,72.59
1099.00,72.38
1098.00,72.14
1097.00,71.89
1096.00,71.63
1095.00,71.41
1094.00,71.19
1093.00,70.96
1092.00,70.71
1091.00,70.45
1090.00,70.19
1089.00,69.93
1088.00,69.69
1087.00,69.45
1086.00,69.19
1085.00,68.91
1084.00,68.64
1083.00,68.41
1082.00,68.23
1081.00,68.06
1080.00,67.86
1079.00,67.65
1078.00,67.45
1077.00,67.26
1076.00,67.08
1075.00,66.90
1074.00,66.72
1073.00,66.55
1072.00,66.38
1071.00,66.24
1070.00,66.09
1069.00,65.90
1068.00,65.67
1067.00,65.45
1066.00,65.26
1065.00,65.09
1064.00,64.93
1063.00,64.77
1062.00,64.63
1061.00,64.49
1060.00,64.35
1059.00,64.22
1058.00,64.11
1057.00,63.98
1056.00,63.81
1055.00,63.64
1054.00,63.47
1053.00,63.31
1052.00,63.17
1051.00,63.09
1050.00,63.05
1049.00,63.02
1048.00,62.95
1047.00,62.84
1046.00,62.74
1045.00,62.67
1044.00,62.62
1043.00,62.57
1042.00,62.54
1041.00,62.52
1040.00,62.51
1039.00,62.49
1038.00,62.43
1037.00,62.33
1036.00,62.22
1035.00,62.16
1034.00,62.15
1033.00,62.18
1032.00,62.22
1031.00,62.24
1030.00,62.25
1029.00,62.25
1028.00,62.24
1027.00,62.24
1026.00,62.23
1025.00,62.22
1024.00,62.24
1023.00,62.30
1022.00,62.37
1021.00,62.40
1020.00,62.38
1019.00,62.36
1018.00,62.37
1017.00,62.39
1016.00,62.39
1015.00,62.38
1014.00,62.38
1013.00,62.38
1012.00,62.37
1011.00,62.37
1010.00,62.38
1009.00,62.39
1008.00,62.41
1007.00,62.44
1006.00,62.47
1005.00,62.49
1004.00,62.49
1003.00,62.48
1002.00,62.45
1001.00,62.39
1000.00,62.29
999.00,62.20
998.00,62.13
997.00,62.07
996.00,61.99
995.00,61.90
994.00,61.77
993.00,61.62
992.00,61.45
991.00,61.30
990.00,61.19
989.00,61.08
988.00,60.97
987.00,60.88
986.00,60.78
985.00,60.65
984.00,60.51
983.00,60.38
982.00,60.27
981.00,60.11
980.00,59.89
979.00,59.62
978.00,59.38
977.00,59.17
976.00,59.01
975.00,58.88
974.00,58.78
973.00,58.68
972.00,58.57
971.00,58.50
970.00,58.48
969.00,58.49
968.00,58.55
967.00,58.66
966.00,58.82
965.00,58.96
964.00,59.08
963.00,59.22
962.00,59.42
961.00,59.68
960.00,59.95
959.00,60.21
958.00,60.47
957.00,60.72
956.00,60.97
955.00,61.25
954.00,61.58
953.00,61.95
952.00,62.31
951.00,62.64
950.00,62.96
949.00,63.28
948.00,63.62
947.00,63.99
946.00,64.36
945.00,64.70
944.00,65.02
943.00,65.33
942.00,65.65
941.00,65.93
940.00,66.19
939.00,66.42
938.00,66.62
937.00,66.78
936.00,66.90
935.00,67.03
934.00,67.18
933.00,67.33
932.00,67.47
931.00,67.58
930.00,67.67
929.00,67.75
928.00,67.85
927.00,67.96
926.00,68.07
925.00,68.15
924.00,68.18
923.00,68.17
922.00,68.17
921.00,68.17
920.00,68.21
919.00,68.28
918.00,68.37
917.00,68.41
916.00,68.43
915.00,68.47
914.00,68.55
913.00,68.64
912.00,68.69
911.00,68.72
910.00,68.76
909.00,68.81
908.00,68.90
907.00,69.02
906.00,69.16
905.00,69.27
904.00,69.31
903.00,69.31
902.00,69.32
901.00,69.32
900.00,69.31
899.00,69.29
898.00,69.25
897.00,69.20
896.00,69.14
895.00,69.08
894.00,69.04
893.00,69.02
892.00,69.00
891.00,68.98
890.00,68.93
889.00,68.84
888.00,68.73
887.00,68.63
886.00,68.57
885.00,68.52
884.00,68.46
883.00,68.39
882.00,68.33
881.00,68.28
880.00,68.21
879.00,68.12
878.00,68.02
877.00,67.91
876.00,67.81
875.00,67.74
874.00,67.69
873.00,67.63
872.00,67.50
871.00,67.35
870.00,67.23
869.00,67.15
868.00,67.09
867.00,67.02
866.00,66.92
865.00,66.79
864.00,66.64
863.00,66.48
862.00,66.33
861.00,66.20
860.00,66.09
859.00,66.01
858.00,65.96
857.00,65.90
856.00,65.78
855.00,65.62
854.00,65.44
853.00,65.26
852.00,65.10
851.00,64.95
850.00,64.78
849.00,64.58
848.00,64.35
847.00,64.15
846.00,63.99
845.00,63.83
844.00,63.66
843.00,63.50
842.00,63.38
841.00,63.30
840.00,63.26
839.00,63.23
838.00,63.18
837.00,63.06
836.00,62.87
835.00,62.64
834.00,62.44
833.00,62.25
832.00,62.09
831.00,61.96
830.00,61.89
829.00,61.82
828.00,61.74
827.00,61.64
826.00,61.54
825.00,61.43
824.00,61.29
823.00,61.14
822.00,61.01
821.00,60.86
820.00,60.66
819.00,60.45
818.00,60.24
817.00,60.03
816.00,59.84
815.00,59.69
814.00,59.59
813.00,59.49
812.00,59.33
811.00,59.16
810.00,59.01
809.00,58.90
808.00,58.79
807.00,58.70
806.00,58.63
805.00,58.54
804.00,58.39
803.00,58.18
802.00,57.98
801.00,57.83
800.00,57.72
799.00,57.64
798.00,57.56
797.00,57.45
796.00,57.31
795.00,57.15
794.00,57.02
793.00,56.89
792.00,56.76
791.00,56.62
790.00,56.46
789.00,56.29
788.00,56.12
787.00,55.97
786.00,55.85
785.00,55.71
784.00,55.51
783.00,55.29
782.00,55.11
781.00,55.00
780.00,54.94
779.00,54.89
778.00,54.82
777.00,54.71
776.00,54.57
775.00,54.42
774.00,54.28
773.00,54.11
772.00,53.92
771.00,53.76
770.00,53.64
769.00,53.54
768.00,53.40
767.00,53.24
766.00,53.11
765.00,53.02
764.00,52.95
763.00,52.89
762.00,52.81
761.00,52.68
760.00,52.50
759.00,52.33
758.00,52.19
757.00,52.08
756.00,51.95
755.00,51.82
754.00,51.73
753.00,51.64
752.00,51.54
751.00,51.41
750.00,51.29
749.00,51.14
748.00,50.96
747.00,50.78
746.00,50.64
745.00,50.52
744.00,50.39
743.00,50.26
742.00,50.15
741.00,50.09
740.00,50.03
739.00,49.98
738.00,49.94
737.00,49.88
736.00,49.79
735.00,49.67
734.00,49.53
733.00,49.39
732.00,49.24
731.00,49.08
730.00,48.93
729.00,48.79
728.00,48.67
727.00,48.57
726.00,48.48
725.00,48.38
724.00,48.29
723.00,48.23
722.00,48.18
721.00,48.11
720.00,47.97
719.00,47.81
718.00,47.67
717.00,47.56
716.00,47.49
715.00,47.45
714.00,47.38
713.00,47.21
712.00,46.97
711.00,46.71
710.00,46.49
709.00,46.29
708.00,46.13
707.00,46.06
706.00,46.08
705.00,46.13
704.00,46.16
703.00,46.17
702.00,46.14
701.00,46.02
700.00,45.83
699.00,45.64
698.00,45.50
697.00,45.39
696.00,45.28
695.00,45.23
694.00,45.26
693.00,45.26
692.00,45.15
691.00,44.98
690.00,44.83
689.00,44.77
688.00,44.71
687.00,44.60
686.00,44.42
685.00,44.27
684.00,44.23
683.00,44.31
682.00,44.41
681.00,44.39
680.00,44.24
679.00,44.11
678.00,44.07
677.00,44.05
676.00,43.95
675.00,43.80
674.00,43.70
673.00,43.69
672.00,43.74
671.00,43.81
670.00,43.83
669.00,43.64
668.00,43.22
667.00,42.95
666.00,42.98
665.00,43.12
664.00,43.22
663.00,43.21
662.00,43.08
661.00,42.86
660.00,42.64
659.00,42.53
658.00,42.57
657.00,42.65
656.00,42.69
655.00,42.63
654.00,42.46
653.00,42.15
652.00,41.84
651.00,41.71
650.00,41.81
649.00,41.97
648.00,42.06
647.00,42.09
646.00,42.10
645.00,42.06
644.00,41.99
643.00,42.01
642.00,42.10
641.00,42.06
640.00,41.79
639.00,41.49
638.00,41.35
637.00,41.31
636.00,41.25
635.00,41.23
634.00,41.32
633.00,41.40
632.00,41.38
631.00,41.30
630.00,41.23
629.00,41.05
628.00,40.75
627.00,40.54
626.00,40.59
625.00,40.76
624.00,40.86
623.00,40.90
622.00,40.91
621.00,40.78
620.00,40.46
619.00,40.19
618.00,40.14
617.00,40.19
616.00,40.23
615.00,40.37
614.00,40.54
613.00,40.38
612.00,39.79
611.00,39.25
610.00,39.21
609.00,39.50
608.00,39.71
607.00,39.74
606.00,39.73
605.00,39.77
604.00,39.90
603.00,40.21
602.00,40.47
601.00,40.28
600.00,39.59
599.00,38.99
598.00,38.85
597.00,38.85
596.00,38.47
595.00,37.77
594.00,37.23
593.00,37.13
592.00,37.49
591.00,38.26
590.00,39.13
589.00,39.56
588.00,39.37
587.00,38.96
586.00,38.86
585.00,39.07
584.00,39.16
583.00,39.08
582.00,39.12
581.00,39.34
580.00,39.54
579.00,39.61
578.00,39.44
577.00,38.76
576.00,37.63
575.00,36.80
574.00,36.71
573.00,36.81
572.00,36.58
571.00,36.16
570.00,35.70
569.00,34.85
568.00,33.57
567.00,32.77
566.00,33.23
565.00,34.38
564.00,35.41
563.00,36.33
562.00,37.46
561.00,38.56
560.00,39.11
559.00,38.82
558.00,37.84
557.00,36.54
556.00,35.47
555.00,35.21
554.00,35.65
553.00,36.07
552.00,36.15
551.00,36.13
550.00,35.81
